objid,ra,dec,u,g,r,i,z,run,rerun,camcol,field,petroRad_r
587726877268574366,325.91213214,-8.72320575,18.63928,16.976425,16.244131,15.880998,15.563847,1659,40,1,139,6.152856
587726877268705613,326.20545795,-8.73678722,17.614882,15.721021,14.86377,14.451564,14.14539,1659,40,1,141,9.733989
587726877268771108,326.30178487,-8.71137156,20.589266,18.651653,17.553194,17.107864,16.732548,1659,40,1,142,2.951452
587726877270671564,330.63881536,-9.29209185,17.485319,15.55794,14.682116,14.252675,13.921493,1659,40,1,171,11.29762
587726877270737141,330.83140022,-9.14814801,20.815704,18.068642,16.953075,16.460342,16.099155,1659,40,1,172,5.896018
587726877271457954,332.41873647,-9.43016092,18.24387,16.255148,15.328523,14.883046,14.533211,1659,40,1,183,6.644287
587726877271982302,333.75890859,-9.50575613,19.613762,17.561434,16.615265,16.188761,15.863058,1659,40,1,191,4.371297
587726877275455645,341.70261211,-10.10896373,20.227137,18.260929,17.079288,16.656467,16.254688,1659,40,1,244,5.36942
587726877276438698,344.00965375,-10.31911597,18.634411,16.749138,15.864508,15.445284,15.10743,1659,40,1,259,7.280281
587726877276897346,345.11930711,-10.37934385,17.627684,15.77853,14.909811,14.489493,14.178189,1659,40,1,266,9.37384
587726877277945988,347.44501874,-10.49814669,20.917402,18.774084,17.34271,16.814539,16.446783,1659,40,1,282,6.259789
587726877805314522,325.6358696,-8.39278853,18.503901,16.548847,15.610059,15.178014,14.808428,1659,40,2,137,8.706137
587726877805642041,326.3483408,-8.30665483,19.174866,17.364853,16.356344,15.871484,15.47498,1659,40,2,142,6.760604
587726877805838475,326.80586106,-8.3916306,17.668982,15.728464,14.804472,14.383295,14.036174,1659,40,2,145,11.000964
587726877805904130,326.98447091,-8.38608885,20.347242,17.977262,16.599335,16.077415,15.672884,1659,40,2,146,7.092865
587726877808525452,332.90621666,-9.0584876,19.446798,17.877745,16.874601,16.383574,15.999806,1659,40,2,186,4.890335
587726877808591090,333.13175915,-9.01038142,17.275661,15.337839,14.407158,13.981525,13.635175,1659,40,2,187,11.663044
587726877810426036,337.29826605,-9.33454706,17.501221,15.540876,14.645155,14.204174,13.857039,1659,40,2,215,7.512201
587726877811212468,339.21985583,-9.65203207,18.745987,16.695158,15.670312,15.20833,14.815656,1659,40,2,227,5.125754
587726877813899385,345.40651281,-9.99210768,18.989523,16.889601,15.852394,15.402501,15.030809,1659,40,2,268,6.863222
587726877815603369,349.27842575,-10.21986566,20.559359,18.968025,17.386099,16.79318,16.365839,1659,40,2,294,6.593181
587726878346182733,334.88813025,-8.78098904,19.295439,17.478292,16.609688,16.211494,15.880728,1659,40,3,198,3.623945
587726878346510539,335.58200577,-8.93532114,18.129852,16.107922,15.08643,14.614694,14.255115,1659,40,3,203,11.71987
587726878347493569,337.81246952,-8.98894667,20.392244,18.246416,16.965231,16.448498,16.069885,1659,40,3,218,6.565914
587726878349131787,341.56283606,-9.2413335,20.54871,18.281858,17.081512,16.575647,16.216492,1659,40,3,243,6.549603
587726878351884426,347.97777621,-9.58673851,19.545435,17.493826,16.608059,16.193151,15.851052,1659,40,3,285,4.28299
587726878879318329,326.26187772,-7.48000177,19.68548,17.934235,16.714115,16.186705,15.750807,1659,40,4,141,7.027053
587726878879383803,326.39806273,-7.44135701,20.71483,18.896044,17.551928,17.066175,16.644432,1659,40,4,142,5.072633
587726878879645765,326.97900646,-7.63163303,20.999283,18.811531,17.170471,16.576262,16.210127,1659,40,4,146,7.358149
587726878880628812,329.25716501,-7.83959248,17.039171,15.07289,14.165821,13.728159,13.376542,1659,40,4,161,15.252325
587726878880629199,329.33922636,-7.81302942,18.17305,16.293571,15.413781,14.994745,14.660836,1659,40,4,161,8.304024
587726878880694306,329.38947745,-7.79423305,17.568813,15.601547,14.69393,14.260917,13.923103,1659,40,4,162,9.226873
587726878880760089,329.53127967,-7.92928392,17.834021,15.966732,15.053434,14.595061,14.228434,1659,40,4,163,9.489583
587726878881611947,331.59113083,-8.08996783,16.323221,14.499349,13.750475,13.379884,13.084906,1659,40,4,176,13.55453
587726878882398349,333.30232609,-8.14297005,20.687304,18.558414,17.491085,17.04369,16.727175,1659,40,4,188,3.892026
587726878884167791,337.39854016,-8.47627885,18.831627,16.814562,15.781803,15.315183,14.928627,1659,40,4,215,7.344915
587726878884495479,338.11191739,-8.70219358,18.747747,16.89908,15.955768,15.525763,15.174225,1659,40,4,220,5.587416
587726878885019889,339.42074293,-8.63075511,20.559196,18.2908,17.139441,16.668873,16.259068,1659,40,4,228,5.201461
587726878888034439,346.27478779,-9.22038716,19.957336,18.360285,17.106886,16.58938,16.238508,1659,40,4,274,4.541637
587726878888558693,347.52405064,-9.28637792,20.970583,18.724655,17.597345,17.125568,16.785471,1659,40,4,282,3.163244
587726878889345108,349.35798515,-9.27322075,19.153835,17.212065,16.257837,15.828794,15.484396,1659,40,4,294,5.360627
587726879415926940,325.77414977,-7.06846789,17.319235,15.402858,14.480047,14.047305,13.703592,1659,40,5,137,13.11796
587726879415927132,325.75955611,-7.03155833,18.242462,16.304937,15.410381,14.989461,14.644702,1659,40,5,137,5.355841
587726879417565347,329.42987648,-7.39652318,17.908745,16.036156,15.157545,14.727209,14.405774,1659,40,5,162,6.928016
587726879417631023,329.66423375,-7.37503128,19.327742,17.367859,16.385347,15.93144,15.573133,1659,40,5,163,6.644493
587726879419203744,333.23013576,-7.77991025,19.569538,17.448092,16.015352,15.460988,15.094043,1659,40,5,187,11.535973
587726879420514337,336.19570695,-8.09720187,20.590528,18.543127,17.242249,16.746529,16.383003,1659,40,5,207,4.450134
587726879421104296,337.57723468,-8.16484807,20.846758,18.6584,17.301968,16.773048,16.379892,1659,40,5,216,4.310985
587726879421300975,338.10496889,-8.23004314,20.44051,18.107807,16.755968,16.21553,15.796669,1659,40,5,219,8.164832
587726879421432034,338.42372945,-8.23512231,19.395433,17.448816,16.474434,16.016623,15.65659,1659,40,5,221,4.571039
587726879953322221,326.92692508,-6.7707912,18.601854,16.755005,15.808473,15.365715,15.014539,1659,40,6,145,6.290199
587726879954305124,329.23720274,-6.96426,19.174389,17.218922,16.264654,15.811355,15.45013,1659,40,6,160,5.296524
587726879954305259,329.1948324,-6.94732729,18.016518,15.871908,14.941745,14.485001,14.167368,1659,40,6,160,9.097349
587726879954567399,329.78744311,-6.98083281,18.301762,16.399456,15.513279,15.089458,14.742068,1659,40,6,164,7.188662
587726879955026156,330.85032317,-7.22045954,19.583181,17.611679,16.58182,16.141441,15.77963,1659,40,6,171,5.271863
587726879958368469,338.49638347,-7.72112651,20.623501,19.088572,17.637903,17.07851,16.669436,1659,40,6,222,4.788371
587727178176331946,349.07538011,-10.82305697,17.795288,15.565263,14.617258,14.164255,13.836081,1729,40,1,11,13.763364
587727178445029442,349.69338204,-10.39925338,16.179884,14.201554,13.342674,12.906041,12.583652,1729,40,2,15,20.066944
587727178448240733,357.12039121,-10.72622502,18.481915,16.613688,15.74204,15.321057,14.978123,1729,40,2,64,4.606899
587727178448437406,357.65624359,-10.65022676,19.152643,17.080582,16.005331,15.565861,15.1558,1729,40,2,67,6.163274
587727178448633983,358.03175939,-10.66330692,19.622938,17.745901,16.809061,16.374178,16.023741,1729,40,2,70,3.596105
587727178449420439,359.91340469,-10.64393181,18.66349,16.764212,15.828642,15.405188,15.041831,1729,40,2,82,7.361791
587727178713202759,349.01270066,-10.42047884,19.175579,17.247402,16.257248,15.758644,15.350857,1729,40,2,11,6.988135
587727178982162552,350.3349198,-10.09660028,17.787214,15.929874,15.084792,14.671462,14.340482,1729,40,3,19,7.953658
587727178983735434,353.96756214,-10.143893,19.550734,17.438591,16.315409,15.863648,15.477205,1729,40,3,43,6.63299
587727178983735476,354.02315992,-10.06759451,20.664059,18.844227,17.374588,16.783373,16.40571,1729,40,3,43,6.071209
587727178984652902,356.06324707,-10.09975877,18.582804,16.582657,15.582613,15.105859,14.777925,1729,40,3,57,9.825663
587727178984915054,356.73399628,-10.19005137,19.268761,17.378132,16.3554,15.901311,15.538036,1729,40,3,61,6.824887
587727178985570439,358.18143286,-10.27544253,19.870398,18.249641,17.232803,16.787617,16.466055,1729,40,3,71,3.640375
587727179519033515,350.33722248,-9.65285341,18.189154,16.239105,15.260243,14.80724,14.458696,1729,40,4,19,7.275609
587727179519361160,351.04777644,-9.62275274,19.648411,17.805014,16.627323,16.133194,15.738153,1729,40,4,24,6.512074
587727179520344127,353.30223463,-9.65376489,20.472532,18.84791,17.36343,16.80002,16.443924,1729,40,4,39,7.163218
587727179521130661,355.12787395,-9.8201391,20.025391,18.285919,16.982475,16.487413,16.129049,1729,40,4,51,5.757039
587727179521392756,355.85205092,-9.76462455,19.338608,17.313091,16.307838,15.867493,15.490303,1729,40,4,55,5.807605
587727180059312227,358.21605798,-9.49452809,20.929674,19.121738,17.736027,17.197672,16.866507,1729,40,5,71,4.807715
587727180592316571,349.32958559,-8.65364205,19.032145,17.21376,16.265692,15.809069,15.444698,1729,40,6,12,4.901291
587727180592578683,349.86336597,-8.7174913,20.521719,18.762548,17.328545,16.797108,16.427654,1729,40,6,16,6.575347
587727180593103028,351.19380173,-8.79945009,18.94047,16.91724,15.918129,15.466988,15.088456,1729,40,6,24,8.141795
587727180593823854,352.77312202,-8.78595115,20.055212,18.070768,16.916985,16.442606,16.086346,1729,40,6,35,4.902428
587727212275171607,326.0166027,-8.96967674,18.305719,16.374319,15.497674,15.067573,14.753862,1737,40,1,126,6.132043
587727212275368273,326.49568545,-9.1056851,19.293896,17.353168,16.352739,15.921505,15.538945,1737,40,1,129,6.621151
587727213348716823,325.60728741,-8.0433897,20.252485,18.48782,17.449806,16.990232,16.60541,1737,40,3,123,4.127235
587727213349306581,326.94326421,-8.30029243,20.536207,18.562136,17.499165,17.062014,16.667763,1737,40,3,132,4.565084
587727213885980960,326.53488476,-7.70566503,20.032511,18.190535,17.091501,16.630621,16.223345,1737,40,4,129,4.060194
587727214959198526,325.49860038,-6.77203621,17.784771,15.823136,14.908197,14.479643,14.153249,1737,40,6,121,9.675638
587727214959329606,325.73092212,-6.88078633,18.828632,16.917915,16.041836,15.627104,15.286081,1737,40,6,123,9.464582
587727220862943574,328.0385287,11.17092142,20.289263,18.190599,17.176447,16.741488,16.409336,1739,40,1,93,5.34779
587727220863729996,329.91831848,11.31592351,20.372204,18.806488,17.826336,17.40799,17.082136,1739,40,1,105,4.908416
587727220865040796,332.87916979,11.74522511,20.242987,18.409351,17.135866,16.607845,16.21703,1739,40,1,125,5.86752
587727220867399866,338.27967049,12.45260622,21.049627,19.018829,17.831354,17.380999,17.021448,1739,40,1,161,4.853813
587727220868645124,341.17584255,12.80272644,18.826962,16.894241,15.973873,15.554952,15.22095,1739,40,1,180,6.056025
587727220869562633,343.4003215,12.9941667,20.655947,18.639277,17.325142,16.73337,16.470684,1739,40,1,194,6.338931
587727220871069870,346.92390569,13.2887663,20.060068,18.119953,17.104721,16.645309,16.284746,1739,40,1,217,3.555648
587727220872446185,350.15909761,13.64298183,19.167171,17.192734,16.083534,15.629831,15.281549,1739,40,1,238,7.561476
587727220872773820,350.90603656,13.65226255,18.652079,16.475084,15.495785,15.061721,14.638678,1739,40,1,243,6.057207
587727220873101411,351.66527265,13.73090515,21.369188,18.786898,17.287386,16.704695,16.302408,1739,40,1,248,6.907056
587727220873167025,351.78881021,13.75182419,18.856482,16.860159,15.769914,15.291313,14.876385,1739,40,1,249,11.589769
587727220873232628,351.98029385,13.68349183,20.062859,18.020908,16.841244,16.336472,15.960882,1739,40,1,250,5.137925
587727220875722969,357.79080402,14.00751515,18.934587,17.048901,16.175428,15.77172,15.433594,1739,40,1,288,4.798793
587727220876312734,359.19175591,14.08219687,18.455521,16.457226,15.479113,15.02998,14.676599,1739,40,1,297,5.972894
587727221402108205,333.2212055,12.36631903,18.186247,16.393223,15.528981,15.114546,14.771669,1739,40,2,128,5.896839
587727221403812039,337.16275957,12.82126549,19.520128,17.65276,16.458923,15.930122,15.465725,1739,40,2,154,7.660956
587727221403877624,337.35696317,12.85869777,20.037294,18.453518,17.514462,17.088408,16.724192,1739,40,2,155,5.166994
587727221404270839,338.20640744,12.92491238,20.853979,18.804312,17.347485,16.789347,16.384584,1739,40,2,161,5.209918
587727221404729653,339.40376528,13.10625693,18.604168,17.117331,16.253204,15.810402,15.45672,1739,40,2,168,5.205244
587727221406433525,343.26798478,13.44897619,20.160654,18.444616,17.313314,16.863918,16.525307,1739,40,2,194,3.785307
587727221406892339,344.44749446,13.55570251,21.119488,19.232262,17.797356,17.229101,16.809317,1739,40,2,201,5.043163
587727221407285458,345.27532909,13.53289362,19.898178,17.967672,16.934315,16.426783,16.031013,1739,40,2,207,4.283764
587727221408333988,347.73958534,13.75448441,19.55442,17.586937,16.619514,16.155691,15.787699,1739,40,2,223,3.966683
587727221408858336,349.01789518,13.8828253,19.426065,17.281879,16.025978,15.510792,15.117382,1739,40,2,231,8.654093
587727221409513600,350.59563891,13.99397443,18.118814,16.208586,15.363199,14.955032,14.692043,1739,40,2,241,6.696238
587727221410824289,353.65765561,14.090238,20.55492,18.160835,16.884892,16.323053,15.872435,1739,40,2,261,7.132573
587727221411086549,354.25941014,14.12502451,20.375832,18.287661,17.045366,16.50379,16.065725,1739,40,2,265,5.726774
587727221935768155,325.84421326,11.67113272,19.236542,17.354395,16.410313,15.976874,15.618018,1739,40,3,79,4.229842
587727221939175760,333.65946881,12.85272156,18.48332,16.815407,16.067472,15.688549,15.418232,1739,40,3,131,3.480958
587727221941010728,337.91705875,13.40527537,19.701496,17.793932,16.634089,16.164461,15.798361,1739,40,3,159,4.347933
587727221941141822,338.2692499,13.2689313,20.285255,18.140965,17.105639,16.65785,16.239477,1739,40,3,161,5.404594
587727221941338307,338.75312297,13.46608513,17.933664,15.850393,14.871295,14.400863,14.040736,1739,40,3,164,12.978566
587727221944287539,345.63897753,14.04859983,19.03953,16.897943,15.890856,15.38077,14.965445,1739,40,3,209,3.992248
587727221944680561,346.45602193,14.2090685,20.856396,18.485062,17.126156,16.505066,16.045313,1739,40,3,215,6.109731
587727221944746167,346.61068607,14.13047261,19.385052,17.33025,16.160572,15.643002,15.209187,1739,40,3,216,8.978207
587727221944746199,346.62220289,14.17404388,19.711267,17.546391,16.376482,15.854003,15.415442,1739,40,3,216,6.62095
587727221945466925,348.36671981,14.26982702,17.955418,16.036999,15.19349,14.775388,14.470323,1739,40,3,227,6.856092
587727221947695274,353.54258127,14.62355841,21.14119,19.079069,17.765182,17.188921,16.801529,1739,40,3,261,4.704841
587727221948678449,355.97447765,14.68051348,21.338957,19.204813,17.685751,17.113853,16.718136,1739,40,3,276,6.38168
587727221949595780,358.03106712,14.89307868,18.721247,16.63188,15.549329,15.06809,14.681738,1739,40,3,290,9.414454
587727222473687228,328.12210608,12.41138392,17.059057,15.16235,14.26963,13.839085,13.501533,1739,40,4,95,13.341354
587727222475260052,331.77806493,13.03293514,18.46913,16.478621,15.517487,15.054291,14.691918,1739,40,4,119,8.770916
587727222476243230,333.97939506,13.27219639,18.441574,16.524414,15.558988,15.115436,14.752052,1739,40,4,134,7.254021
587727222477750624,337.62003723,13.69641679,20.412258,18.390402,16.877684,16.308748,15.942912,1739,40,4,157,7.431023
587727222480568569,344.18597165,14.45878447,20.378744,17.830017,16.659742,16.145525,15.756267,1739,40,4,200,8.423785
587727222480699608,344.4311764,14.34242652,18.661072,16.72781,15.679133,15.213121,14.833281,1739,40,4,202,8.171499
587727222481027443,345.21309223,14.48501926,21.054728,18.684591,17.544579,17.072897,16.744162,1739,40,4,207,3.86215
587727222481748048,346.86166297,14.66398463,22.020153,18.68037,17.365402,16.742088,16.224943,1739,40,4,218,4.747092
587727222482469173,348.67890874,14.71167884,18.604431,16.590078,15.618619,15.185934,14.826798,1739,40,4,229,6.868864
587727222483910677,351.99046557,14.99168746,17.912888,16.002975,15.101279,14.643078,14.294663,1739,40,4,251,8.786058
587727222485418098,355.6668027,15.2018519,19.059343,17.192726,16.166073,15.678012,15.323265,1739,40,4,274,8.911327
587727222485418227,355.61178939,15.21416215,19.958923,18.090141,17.063604,16.602003,16.192074,1739,40,4,274,4.064273
587727222485483555,355.69471505,15.11473065,17.995996,16.034124,15.085885,14.636906,14.286618,1739,40,4,275,12.291144
587727222485876769,356.66726575,15.12056359,18.112354,16.168823,15.228648,14.785244,14.42962,1739,40,4,281,6.369334
587727223011672428,330.65791588,13.13081386,20.944996,18.74939,17.362583,16.810564,16.408224,1739,40,5,112,3.382976
587727223012393302,332.3273271,13.51349215,18.320999,16.5037,15.676425,15.264745,14.957389,1739,40,5,123,6.111886
587727223013703926,335.33569071,13.92566071,20.618633,18.822153,17.329601,16.758039,16.346369,1739,40,5,143,7.297729
587727223015276909,339.08278369,14.31453148,18.687944,16.932224,16.065054,15.639092,15.297383,1739,40,5,167,6.799658
587727223015342427,339.25658022,14.40485185,17.644661,15.721786,14.822917,14.387411,14.065861,1739,40,5,168,11.362537
587727223016784145,342.56748118,14.55583528,18.962412,16.888468,15.851895,15.47999,15.102288,1739,40,5,190,6.26489
587727223019536598,349.05888777,15.18722698,18.733597,17.011673,16.177313,15.789918,15.485109,1739,40,5,232,5.407012
587727223020126335,350.47668382,15.30654408,18.252539,16.384089,15.514043,15.1074,14.860292,1739,40,5,241,7.234131
587727223020716280,351.82439737,15.44248444,20.309593,18.238251,17.063038,16.558674,16.192291,1739,40,5,250,6.151323
587727223021830354,354.52156101,15.45810139,18.83951,16.802971,15.775556,15.27572,14.881564,1739,40,5,267,5.407691
587727223022747863,356.59979473,15.62986703,19.662132,17.708887,16.637777,16.170959,15.807422,1739,40,5,281,3.820953
587727223548805483,331.15923946,13.76147213,20.662743,18.470449,17.125231,16.598383,16.217781,1739,40,6,116,6.102546
587727223549591799,332.95513036,13.96767079,18.021612,16.164627,15.303979,14.879681,14.529992,1739,40,6,128,9.530298
587727223549657412,333.15032068,14.01776736,17.771996,15.906953,15.001262,14.551883,14.194263,1739,40,6,129,9.401296
587727223549853711,333.59072828,13.95310239,16.751059,14.929313,14.067099,13.598953,13.266213,1739,40,6,132,12.475664
587727223552540836,339.91378465,14.7665581,20.160715,18.090321,17.089048,16.609367,16.26343,1739,40,6,173,4.547645
587727223553786121,342.83606799,15.14079746,19.386177,17.352865,16.215311,15.742626,15.325724,1739,40,6,192,8.110826
587727223554244885,343.98593054,15.16311776,18.946186,16.887003,15.883142,15.407521,15.020507,1739,40,6,199,6.692159
587727223554900235,345.53544993,15.38624682,20.473789,18.10047,16.907454,16.401539,15.974676,1739,40,6,209,7.851691
587727223554965672,345.56219722,15.3350465,21.718153,19.03076,17.585274,17.040731,16.599291,1739,40,6,210,6.332829
587727223555490031,346.90149346,15.41468145,21.547243,19.106266,17.640888,17.039034,16.59203,1739,40,6,218,5.510635
587727223556014274,348.11827624,15.63135446,19.526308,17.434029,16.387035,15.90978,15.527427,1739,40,6,226,5.396258
587727223556472972,349.19898657,15.58328899,17.491404,15.546059,14.689235,14.261959,13.893661,1739,40,6,233,7.037662
587727223558701175,354.50428119,15.90045655,17.949228,15.914047,14.922925,14.43929,14.057889,1739,40,6,267,15.136374
587727223560274131,358.26014283,16.08892661,18.160511,16.179337,15.228774,14.797748,14.451233,1739,40,6,291,11.392669
587727223560339461,358.28453107,16.06442032,17.414753,15.552832,14.665524,14.209594,13.843052,1739,40,6,292,7.099289
587727223560339576,358.37961977,16.10578616,18.17868,16.353817,15.525167,15.16163,14.848754,1739,40,6,292,5.056305
587727226226606234,359.03177227,-9.9939105,18.930115,17.029758,16.133299,15.700105,15.351412,1740,40,3,16,9.864966
587727226763542643,359.22447937,-9.64948713,21.123049,18.523336,17.306299,16.795124,16.475101,1740,40,4,17,6.43254
587727873696333969,355.23711746,-10.74148933,18.310932,16.19466,15.243137,14.80242,14.431372,1891,40,1,68,12.145786
587727873696530511,355.63802505,-10.80142805,20.785692,18.897598,17.752563,17.258717,16.93881,1891,40,1,71,3.596128
587727874232614972,353.76177003,-10.30481722,17.650156,16.224825,15.517644,15.161802,14.874473,1891,40,2,59,8.169595
587727874499281013,349.65311544,-10.2060228,18.73646,16.794809,15.832689,15.399407,15.031248,1891,40,2,32,6.009039
587727874768502899,351.61453946,-9.86090137,18.519167,16.659267,15.646573,15.167705,14.80221,1891,40,3,44,9.483108
587727874769551487,354.02937912,-9.90410394,19.665333,17.582344,16.44039,15.950709,15.570184,1891,40,3,60,11.653983
587727874770468955,356.08136301,-9.90688115,18.369148,16.484573,15.60373,15.182704,14.864697,1891,40,3,74,6.772893
587727874770731112,356.68143752,-10.09207609,17.666832,15.625998,14.678917,14.227078,13.875438,1891,40,3,78,12.15693
587727875304915040,350.55363213,-9.28805838,20.521654,18.473593,17.330723,16.867842,16.521538,1891,40,4,37,3.936687
587727875305504952,351.94035016,-9.40710329,20.194242,18.368715,17.532883,17.150192,16.844065,1891,40,4,46,3.448367
587727875306225805,353.60528662,-9.46224871,20.575684,18.695051,17.313122,16.804207,16.416466,1891,40,4,57,8.700868
587727875306422297,353.996897,-9.44205002,17.492329,15.679383,14.846314,14.466332,14.147593,1891,40,4,60,6.985868
587727875307470958,356.35837737,-9.65758471,20.992016,18.866425,17.360973,16.802645,16.461517,1891,40,4,76,5.734354
587727875842179260,351.51174375,-8.98652438,17.907608,16.044924,15.108937,14.652845,14.295465,1891,40,5,43,10.510183
587727875842703477,352.62439051,-9.1232631,19.894527,17.78722,16.704617,16.247581,15.890842,1891,40,5,51,7.119719
587727875843293310,354.01952515,-8.98843147,18.175806,16.324432,15.476287,15.077747,14.730455,1891,40,5,60,10.008471
587727875844472896,356.67543174,-9.11577488,20.580421,18.529507,17.216162,16.715326,16.368252,1891,40,5,78,5.042896
587727876379967571,353.61714805,-8.70107315,19.090694,17.423616,16.478127,16.02655,15.773491,1891,40,6,57,4.825256
587730772801290667,328.07994433,10.9048828,21.128139,18.502514,17.118135,16.560427,16.157103,2566,40,1,99,7.034551
587730772801356083,328.26297904,10.8486871,20.942003,18.895475,17.557644,17.027107,16.638821,2566,40,1,100,4.879294
587730772802601443,331.09572429,11.31318192,21.066055,18.756294,17.417961,16.883617,16.481909,2566,40,1,119,5.71696
587730772805026169,336.71287123,12.09078706,20.600962,18.915565,17.607826,17.11446,16.720179,2566,40,1,156,7.017025
587730772811841661,352.58198719,13.44927477,17.006786,14.991856,14.043421,13.585099,13.256656,2566,40,1,260,11.45291
587730772811907267,352.71795417,13.57150195,20.103199,18.152906,17.163727,16.697893,16.345263,2566,40,1,261,4.880887
587730772814594161,358.95427696,13.76140422,20.916044,18.761589,17.537111,17.030947,16.635744,2566,40,1,302,4.889102
587730772814790802,359.4617976,13.67702274,20.008533,17.857197,16.645977,16.139336,15.76818,2566,40,1,305,5.663473
587730773339537757,331.12515159,11.89119975,19.463089,17.156361,16.047836,15.527396,15.121397,2566,40,2,120,6.497184
587730773339537773,331.15470008,11.83791651,20.738541,18.656538,17.405527,16.790918,16.293018,2566,40,2,120,4.956966
587730773341045120,334.71917405,12.19196772,20.488161,18.587576,17.489693,17.017189,16.663326,2566,40,2,143,3.620356
587730773344190756,341.973602,13.09651449,19.49387,17.574963,16.649031,16.217606,15.878106,2566,40,2,191,6.367159
587730773344911694,343.69681236,13.32474408,20.714779,18.386673,16.928425,16.362139,15.968481,2566,40,2,202,5.260507
587730773345304635,344.54393128,13.29743432,18.279316,16.413376,15.583301,15.151401,14.857116,2566,40,2,208,7.432343
587730773345304784,344.51871685,13.40166944,20.320066,18.839808,17.737755,17.241913,16.85446,2566,40,2,208,4.041965
587730773345435937,344.90109673,13.36984961,17.575975,15.566484,14.613989,14.150831,13.782916,2566,40,2,210,8.858885
587730773345566941,345.17275272,13.40765417,20.390232,18.854382,17.818375,17.314627,16.973515,2566,40,2,212,3.234515
587730773346091155,346.3261768,13.57696564,18.310957,16.202129,15.109352,14.576257,14.181413,2566,40,2,220,8.212564
587730773347991656,350.8901416,13.75605963,17.637018,15.691301,14.79008,14.354002,13.970266,2566,40,2,249,6.075595
587730773349957666,355.42032047,13.97887797,18.297985,16.451826,15.577849,15.153733,14.804208,2566,40,2,279,8.459521
587730773350482070,356.63260746,14.20808907,19.619164,17.574409,16.393192,15.901402,15.466077,2566,40,2,287,6.010823
587730773350613235,357.04870485,14.09636256,18.847593,16.779039,15.791879,15.300987,14.911368,2566,40,2,289,7.930424
587730773350744279,357.33719096,14.1365533,20.491844,18.389174,17.327381,16.86149,16.459572,2566,40,2,291,4.722921
587730773351202974,358.35237743,14.20310185,19.751432,17.760582,16.646814,16.187822,15.752884,2566,40,2,298,6.046007
587730773351203039,358.44598617,14.19056374,18.833729,16.915409,15.923682,15.499442,15.123389,2566,40,2,298,6.040185
587730773875687882,329.39256258,12.01667428,20.453449,18.740267,17.356247,16.786366,16.355534,2566,40,3,109,7.89905
587730773876080782,330.33721804,12.19667591,17.659002,15.714149,14.790365,14.347188,13.981318,2566,40,3,115,6.647203
587730773878112399,335.07725872,12.75959291,18.241301,16.714996,15.86184,15.407811,15.08367,2566,40,3,146,5.98391
587730773878177840,335.16405108,12.76047892,20.991583,19.201523,17.870369,17.247059,16.86952,2566,40,3,147,5.010757
587730773878309181,335.51473106,12.72210432,19.910381,17.995457,16.880508,16.405207,15.991638,2566,40,3,149,5.33294
587730773879685539,338.71956965,13.2775539,18.644375,16.608759,15.600218,15.117613,14.745042,2566,40,3,170,6.578751
587730773879882090,339.19776833,13.30453667,19.375357,17.483013,16.49597,16.075083,15.707007,2566,40,3,173,6.169954
587730773882306829,344.78779495,13.89301386,20.564737,18.747883,17.69219,17.27247,16.914425,2566,40,3,210,3.305008
587730773882437906,345.1168085,13.88257865,19.149685,17.183908,16.144499,15.723126,15.355268,2566,40,3,212,7.717538
587730773882699970,345.6857506,13.79557837,20.679449,18.068575,16.930698,16.41938,16.009872,2566,40,3,216,9.117801
587730773883682854,347.98042361,14.08278303,20.05393,18.108444,17.059332,16.588026,16.211298,2566,40,3,231,3.684791
587730773884993805,351.09706327,14.22683053,19.757221,17.880081,16.671314,16.17894,15.789326,2566,40,3,251,6.546401
587730773885321475,351.96724151,14.24207314,19.082966,17.128876,16.121008,15.664715,15.282021,2566,40,3,256,5.029047
587730773886566571,354.78111982,14.4977696,20.991034,19.238493,17.822172,17.246107,16.841755,2566,40,3,275,4.809385
587730773887942751,358.1014658,14.59308939,17.831696,15.958482,15.120743,14.711505,14.374803,2566,40,3,296,5.700419
587730774411641463,327.3005718,12.05168102,20.90379,18.9154,17.806211,17.330164,16.968922,2566,40,4,95,3.08128
587730774412296599,328.75693211,12.24117942,20.880228,18.398235,16.978115,16.422672,16.005144,2566,40,4,105,7.307492
587730774413082790,330.5607042,12.54603443,20.139765,17.989115,16.758041,16.245632,15.854164,2566,40,4,117,7.39335
587730774413214125,330.84414032,12.64935643,17.550938,15.812024,14.952875,14.512522,14.136151,2566,40,4,119,8.594748
587730774414786935,334.59949778,13.06758422,19.008133,17.018606,15.879586,15.382666,14.973664,2566,40,4,143,7.539931
587730774414917660,334.7475099,13.18746831,17.458288,15.761826,14.948483,14.541678,14.222246,2566,40,4,145,7.201511
587730774415048975,335.05348291,13.24688463,19.721279,17.720154,16.687452,16.176266,15.752171,2566,40,4,147,5.899124
587730774418784505,343.9279749,14.14635832,20.476168,18.470957,17.213688,16.690325,16.281889,2566,40,4,204,6.305388
587730774419046701,344.49994543,14.15595637,18.849285,16.817886,15.8262,15.388495,15.02148,2566,40,4,208,5.872201
587730774420553792,348.03126193,14.43142887,17.964863,16.036875,15.078414,14.849201,14.269774,2566,40,4,231,13.676336
587730774420619449,348.09897865,14.54686959,17.857611,16.132252,15.359836,14.986993,14.682918,2566,40,4,232,9.662294
587730774420947336,348.99445589,14.56878779,20.930222,18.834988,17.465643,16.931482,16.570366,2566,40,4,237,4.823921
587730774421995544,351.35291427,14.75697307,17.377983,15.523116,14.648469,14.23994,13.910431,2566,40,4,253,10.780375
587730774422585457,352.86208223,14.77300905,18.902359,17.000124,16.118088,15.678061,15.333858,2566,40,4,262,7.438302
587730774422978679,353.67325089,14.84658119,17.741058,15.756523,14.775723,14.303804,13.924914,2566,40,4,268,14.682948
587730774424748187,357.92791601,14.92953994,19.464554,17.534351,16.476179,15.9889,15.634686,2566,40,4,295,5.654952
587730774425075974,358.72497458,15.00361301,20.921873,18.58095,17.246788,16.716076,16.395962,2566,40,4,300,5.91225
587730774949822871,330.2437671,12.97576458,19.886419,17.653885,16.389811,15.864336,15.491524,2566,40,5,115,6.524662
587730774950019500,330.68051412,12.98569147,19.45578,17.54682,16.365269,15.896803,15.51333,2566,40,5,118,6.975618
587730774950215786,331.08090636,12.96838972,17.238585,15.316468,14.433397,13.985578,13.659731,2566,40,5,121,9.104531
587730774950347151,331.37437874,13.03986615,20.615311,18.492012,17.329193,16.842422,16.473078,2566,40,5,123,4.15957
587730774950412571,331.48941568,13.18575995,19.762781,17.813902,16.644115,16.152018,15.762401,2566,40,5,124,6.564535
587730774951788911,334.79452942,13.47066781,20.722239,18.747391,17.491764,16.960836,16.534903,2566,40,5,145,3.161835
587730774952116477,335.48018506,13.63417388,19.278294,17.320959,16.258686,15.763729,15.392918,2566,40,5,150,5.332858
587730774952444344,336.34225636,13.66962613,19.440228,17.486374,16.438059,15.981764,15.627142,2566,40,5,155,8.818454
587730774953033775,337.62799018,13.9830318,19.394766,17.277803,16.150105,15.654727,15.247055,2566,40,5,164,5.784946
587730774953754918,339.41795869,14.10001906,18.552567,16.482029,15.463064,14.995679,14.622083,2566,40,5,175,6.676689
587730774953820492,339.57234747,14.05898179,18.222158,16.642529,15.810155,15.368365,15.062274,2566,40,5,176,7.499132
587730774956114165,344.86257284,14.6166859,19.995214,17.767374,16.578352,16.091219,15.671689,2566,40,5,211,10.465039
587730774958342184,350.11754615,15.07247449,17.474308,15.813331,15.069946,14.688267,14.409726,2566,40,5,245,5.10502
587730774958735550,351.09218402,15.10550671,18.556274,16.638784,15.700538,15.220689,14.872948,2566,40,5,251,5.125122
587730774959063300,351.88046611,15.12505831,17.626589,15.797976,14.860967,14.367352,13.990097,2566,40,5,256,9.786418
587730775488135588,333.55843947,13.87566954,17.809832,15.99091,15.231961,14.844818,14.554287,2566,40,6,137,9.921915
587730775488266256,333.74113142,13.76191656,17.544529,15.725812,14.883233,14.473996,14.139976,2566,40,6,139,6.029594
587730775488266638,333.81219084,13.9054407,18.705366,16.743044,15.854587,15.443476,15.085386,2566,40,6,139,7.337113
587730775488659722,334.67722144,13.88779541,19.254581,17.359886,16.28475,15.822965,15.434293,2566,40,6,145,5.940228
587730775492657408,344.10511844,14.9060269,19.165638,17.154673,16.164843,15.703936,15.343502,2566,40,6,206,5.845326
587730775493705882,346.49032111,15.21663999,18.390472,16.401943,15.454287,14.991486,14.640347,2566,40,6,222,7.39978
587730775494623407,348.65202965,15.35798699,19.298674,17.246641,16.159649,15.688933,15.30294,2566,40,6,236,5.496264
587730775494885563,349.33744353,15.32365443,19.30595,17.309669,16.305914,15.877383,15.497944,2566,40,6,240,6.88683
587730775495344166,350.37561241,15.43953875,17.440086,15.502738,14.599499,14.161569,13.806383,2566,40,6,247,9.221511
587730775497113761,354.57354128,15.66892467,17.465248,15.481812,14.515807,14.063001,13.706049,2566,40,6,274,12.453183
587730775497507049,355.61906502,15.706094,18.885418,16.909386,15.98548,15.544176,15.202976,2566,40,6,280,4.897916
587730775497769184,356.18726557,15.69153637,19.973949,18.104588,16.904831,16.420519,16.059902,2566,40,6,284,5.423903
587730775498490026,357.86255005,15.75490173,20.28684,17.96858,16.811853,16.319178,15.950941,2566,40,6,295,6.376037
587730775498752173,358.48661939,15.79127385,18.895632,17.070404,16.135847,15.699965,15.367332,2566,40,6,299,6.198705
587730815747686569,328.59672975,-9.23962823,18.501923,16.695641,15.702262,15.198588,14.794625,2576,40,1,49,9.021928
587730815747686599,328.65511588,-9.25954021,18.131203,16.092045,15.103536,14.63204,14.266643,2576,40,1,49,9.960453
587730815747752086,328.82209267,-9.2977828,18.262772,16.252357,15.251639,14.789855,14.45415,2576,40,1,50,11.096539
587730815749128476,331.95058496,-9.62079416,21.127375,19.014477,17.452223,16.831182,16.427773,2576,40,1,71,7.348433
587730815750111488,334.22619818,-9.78782565,24.822113,19.149015,17.43133,16.811537,16.437105,2576,40,1,86,6.592175
587730815750176979,334.37934729,-9.83823749,20.512499,18.591341,17.232353,16.660742,16.28544,2576,40,1,87,5.77491
587730815751946401,338.5228783,-10.12253133,18.398268,16.444908,15.474975,15.010163,14.651667,2576,40,1,114,8.818919
587730815753453699,342.02505232,-10.35698514,22.336823,18.410112,17.223852,16.714436,16.382692,2576,40,1,137,5.682
587730815755878495,347.56272571,-10.7984464,17.260872,15.281899,14.325029,13.872464,13.571471,2576,40,1,174,17.292042
587730816286982311,334.31664108,-9.45753195,18.867472,16.881504,15.92028,15.500775,15.147313,2576,40,2,86,6.364279
587730816287178872,334.67830742,-9.36079089,20.432276,18.342363,17.035854,16.506821,16.074089,2576,40,2,89,5.968872
587730816289013927,339.00041813,-9.8447897,18.105555,16.106945,15.20996,14.776029,14.424407,2576,40,2,117,10.144136
587730816289144939,339.23614336,-9.77341707,18.918999,16.867226,15.899118,15.409634,15.015475,2576,40,2,119,8.661714
587730816290455739,342.33756967,-10.07748543,17.814417,15.801648,14.852324,14.425538,14.064703,2576,40,2,139,7.029077
587730816293339288,348.99958347,-10.42723205,18.407711,16.427668,15.484218,15.04238,14.676511,2576,40,2,183,7.603508
587730816552927447,328.52313358,-8.83405589,20.364269,18.394333,17.035404,16.553463,16.095388,2576,40,2,48,7.430081
587730816821428380,328.67129968,-8.45178053,19.620382,17.647617,16.658237,16.212753,15.825831,2576,40,3,49,5.284172
587730816821428531,328.68944949,-8.44568753,22.205284,18.927486,17.455032,16.893658,16.42919,2576,40,3,49,6.970681
587730816822280341,330.73662962,-8.57933142,20.694601,18.911427,17.549734,17.048691,16.673487,2576,40,3,62,5.372287
587730816822280471,330.66692183,-8.56087621,20.285839,18.611546,17.289045,16.766811,16.418104,2576,40,3,62,5.248386
587730816823328936,333.11791727,-8.79602524,20.428938,18.809805,17.428391,16.913,16.531694,2576,40,3,78,6.102085
587730816825098449,337.2282947,-9.13668396,20.344791,18.595486,17.223593,16.69927,16.358669,2576,40,3,105,9.000256
587730816825819222,338.85734201,-9.25540821,19.605965,17.951077,16.855556,16.369759,15.99272,2576,40,3,116,5.159182
587730816827523250,342.79039108,-9.50618756,21.064329,18.989485,17.755804,17.240191,16.867765,2576,40,3,142,3.054543
587730816828637289,345.30196303,-9.743396,18.392834,16.521942,15.61451,15.191451,14.857409,2576,40,3,159,7.492393
587730816829751465,347.90635631,-9.84831363,20.942692,19.261311,17.718695,17.14295,16.779442,2576,40,3,176,5.509064
587730817358430379,329.01343295,-8.05308965,19.055262,17.174761,16.27446,15.853127,15.531253,2576,40,4,51,6.579547
587730817358561474,329.3299581,-8.01276676,18.225895,16.216019,15.320798,14.896018,14.530684,2576,40,4,53,10.899351
587730817359544462,331.70475156,-8.34774051,19.218882,18.275013,17.226738,16.763296,16.469782,2576,40,4,68,5.698815
587730817360396376,333.58750538,-8.37585189,19.533283,17.644938,16.689865,16.234121,15.888963,2576,40,4,81,5.394697
587730817361248413,335.50779697,-8.54118449,20.454643,18.250381,16.914856,16.371105,15.949852,2576,40,4,94,7.446216
587730817362493486,338.41846025,-8.7536028,21.536879,18.510202,17.350977,16.767824,16.383551,2576,40,4,113,5.470894
587730817362624685,338.77468162,-8.94553586,20.009396,18.161877,16.8857,16.388542,15.957202,2576,40,4,115,6.097053
587730817363673108,341.09542111,-9.01942367,18.2031,16.195614,15.223389,14.745136,14.355555,2576,40,4,131,8.489195
587730817363673121,341.17125563,-9.01179793,18.245806,16.569399,15.791202,15.397082,15.100098,2576,40,4,131,6.328565
587730817364066370,342.05837624,-9.04177609,18.231754,16.299679,15.373451,14.927259,14.58615,2576,40,4,137,10.335063
587730817364983818,344.10700803,-9.24333403,18.745173,16.79541,15.83402,15.382192,15.020392,2576,40,4,151,10.110046
587730817364983932,344.15617523,-9.17350811,19.47366,17.436153,16.518503,16.069708,15.740612,2576,40,4,151,4.598839
587730817895563527,329.79706791,-7.6418252,20.377787,18.411079,17.47998,17.031963,16.714775,2576,40,5,55,5.812535
587730817896743173,332.44562123,-7.94002747,19.506483,17.54637,16.472534,15.979609,15.637429,2576,40,5,73,6.671566
587730817897529536,334.2351137,-8.15219409,19.099768,17.304283,16.333689,15.885038,15.529508,2576,40,5,85,6.517817
587730817903689910,348.41346197,-9.01250642,18.399679,16.483902,15.520708,15.103352,14.754661,2576,40,5,179,8.93808
587730818163540245,328.73930372,-7.59761451,18.159515,16.237082,15.303836,14.875704,14.53634,2576,40,5,48,9.026044
587730818432434530,329.76840013,-7.2310269,21.805233,19.370052,17.869053,17.293173,16.931398,2576,40,6,55,4.844105
587730818433089639,331.34020988,-7.41941305,17.311604,15.365255,14.495172,14.086792,13.737645,2576,40,6,65,7.843098
587730818433220776,331.56070103,-7.47031935,19.167833,17.408016,16.378849,15.929533,15.548772,2576,40,6,67,7.775101
587730818433941784,333.30584558,-7.55160698,17.645966,15.830142,14.978169,14.588711,14.244407,2576,40,6,78,8.298458
587730818437742768,341.90917407,-8.21514881,18.762325,16.959929,16.118406,15.688196,15.365462,2576,40,6,136,6.368453
587730818439381182,345.76772575,-8.47056145,19.724113,17.845142,16.846251,16.419785,16.048521,2576,40,6,161,6.376193
587730818440429685,348.14272573,-8.58998567,20.409195,18.499136,17.139601,16.631512,16.266865,2576,40,6,177,8.727887
587730846893080588,325.96377552,-0.32139792,17.341192,15.404827,14.488634,14.050291,13.68576,2583,40,3,154,8.897026
587731185115857080,327.24240793,-0.92828553,19.293629,17.29501,16.344206,15.890881,15.527042,2662,40,1,64,4.541986
587731185117233530,330.50270951,-0.97439933,19.535425,17.525927,16.569107,16.099293,15.739527,2662,40,1,85,3.492347
587731185117757766,331.58389575,-0.87139218,21.543442,18.85358,17.385489,16.763723,16.348989,2662,40,1,93,6.033934
587731185118412995,333.09461683,-0.96219643,20.171881,18.007149,16.831848,16.344696,15.917694,2662,40,1,103,5.331098
587731185119985888,336.71759349,-0.93536365,20.853786,18.670992,17.177961,16.615067,16.225628,2662,40,1,127,5.989594
587731185120575782,338.15131756,-0.95993232,18.793133,16.881121,15.939326,15.504927,15.142959,2662,40,1,136,5.80469
587731185120641251,338.22105604,-0.9735123,18.25087,16.288986,15.325362,14.877021,14.500743,2662,40,1,137,6.31916
587731185121362102,339.81716061,-0.99309332,18.099453,16.177368,15.26866,14.839499,14.501903,2662,40,1,148,8.879498
587731185121362120,339.84354811,-1.02255245,19.898991,18.08432,17.184311,16.75984,16.404062,2662,40,1,148,2.623454
587731185121427484,339.9790364,-0.98860231,17.92111,15.88779,14.954594,14.514997,14.15286,2662,40,1,149,16.932608
587731185122803901,343.20831958,-0.95491225,19.159243,17.228085,16.310091,15.866574,15.514207,2662,40,1,170,4.860376
587731185122869447,343.38816129,-0.98629308,20.841787,18.654387,17.337868,16.800987,16.390291,2662,40,1,171,6.153728
587731185123066040,343.83946594,-0.9477777,19.319313,17.189175,16.087717,15.622356,15.196816,2662,40,1,174,9.838019
587731185123262648,344.26036567,-1.02797535,18.165453,16.109762,15.134082,14.664546,14.294784,2662,40,1,177,10.080309
587731185123262669,344.2828926,-1.00623968,18.577202,16.696619,15.800075,15.369503,15.045619,2662,40,1,177,9.103446
587731185123655839,345.08897066,-0.8931471,20.596643,18.420511,17.181911,16.667652,16.302946,2662,40,1,183,4.680664
587731185124376745,346.68892749,-1.02393043,21.63555,19.367519,17.693443,17.063745,16.667105,2662,40,1,194,7.664737
587731185126080685,350.71797828,-1.00025967,17.338587,15.386749,14.493357,14.06,13.745988,2662,40,1,220,12.223403
587731185126277158,351.12626405,-0.94616139,19.257681,17.140659,16.09976,15.667737,15.277445,2662,40,1,223,7.221212
587731185127391413,353.62629985,-0.98501455,21.623163,19.535633,17.904369,17.325918,16.939476,2662,40,1,240,5.248868
587731185127981196,354.9695669,-0.97535993,19.674442,17.604235,16.550007,16.092308,15.741598,2662,40,1,249,6.308705
587731185652138293,325.90123802,-0.47846085,19.300608,17.16931,16.109861,15.661375,15.246974,2662,40,2,55,6.576079
587731185653186721,328.28748473,-0.5690202,20.906067,18.656767,17.391796,16.858515,16.376356,2662,40,2,71,9.135051
587731185654497592,331.34346368,-0.49573708,17.756456,15.957352,15.12962,14.727161,14.399213,2662,40,2,91,7.771898
587731185654628620,331.59727284,-0.4931353,20.124878,17.9893,16.74555,16.217144,15.768297,2662,40,2,93,6.734622
587731185655939169,334.63472186,-0.50073159,19.605711,17.451321,16.32486,15.833412,15.38186,2662,40,2,113,7.50007
587731185656135927,335.08029813,-0.60660532,20.715054,18.534384,17.099106,16.53581,16.07132,2662,40,2,116,9.767562
587731185657446634,338.04970884,-0.47605172,20.377531,18.373657,17.141453,16.657448,16.227438,2662,40,2,136,4.683786
587730774962208946,359.25128093,15.43911891,19.415443,17.345812,16.296539,15.850384,15.456676,2566,40,5,304,5.893445
587727225420972136,358.2584571,-10.83790813,18.521931,16.688173,15.887547,15.528286,15.242772,1740,40,1,11,4.171385
587727221408333925,347.84128256,13.73387501,19.936728,17.847561,16.603901,16.085648,15.682869,1739,40,2,223,6.706007
587727221400994213,330.74212932,11.93894735,19.412466,17.409176,16.357273,15.902886,15.506093,1739,40,2,111,7.579906
587727220862026270,325.98795642,10.70119129,19.243401,17.271559,16.26746,15.832313,15.479567,1739,40,1,79,5.891484
587727213349241088,326.80093142,-8.18785085,18.441246,16.548166,15.560712,15.108511,14.730572,1737,40,3,131,6.784811
587727178986160295,359.6514126,-10.31251207,19.210413,17.249485,16.262238,15.844149,15.485385,1729,40,3,80,7.207555
587727178985701560,358.5236874,-10.30850851,18.704206,16.72323,15.77897,15.340966,14.976817,1729,40,3,73,7.3803
587727178982359212,350.78494481,-10.0865422,17.898201,15.907775,14.94358,14.498942,14.151936,1729,40,3,22,11.507673
587726879952732487,325.61205473,-6.58676874,17.946749,15.913801,14.928862,14.490086,14.121567,1659,40,6,136,13.512913
587726878351687815,347.55121435,-9.57639335,20.066433,18.072613,17.187357,16.775885,16.43865,1659,40,3,282,3.928925
587726878350901526,345.78220709,-9.51083715,20.694393,18.698263,17.251631,16.603481,16.185762,1659,40,3,270,8.018082
587726877813309581,344.00249193,-9.96480895,19.823139,17.755615,16.553423,16.077814,15.696459,1659,40,2,259,6.052031
587726877812261077,341.62501738,-9.75055649,20.363909,18.04166,16.798349,16.280457,15.874049,1659,40,2,243,6.714931
587726877808984331,334.06237146,-9.16821789,18.476225,16.465515,15.459155,15.019793,14.632385,1659,40,2,193,9.955015
587726877808918674,333.94916298,-9.08937948,19.733725,17.561338,16.466036,16.009445,15.605016,1659,40,2,192,7.617884
587726877805379897,325.77723969,-8.29678086,18.056927,16.030241,15.076962,14.630846,14.254601,1659,40,2,138,9.07596
587726877276176511,343.31719074,-10.24129382,20.463451,18.224264,16.958746,16.470537,16.096828,1659,40,1,255,7.522887
587726877273161818,336.39399906,-9.64929128,18.522263,16.463453,15.498923,15.05604,14.70041,1659,40,1,209,6.165092
587730818435383433,336.54039826,-7.85377811,18.812147,16.679777,15.664897,15.221174,14.843592,2576,40,6,100,7.645997
587730818433417417,332.05617561,-7.3794638,18.963911,16.9788,15.970293,15.52526,15.134934,2576,40,6,70,5.117285
587730817899102283,337.92997058,-8.40881566,17.452145,15.170706,14.149378,13.708893,13.352627,2576,40,5,109,14.984345
587730817895301437,329.1797079,-7.54996948,18.156549,16.268272,15.387545,14.973275,14.645698,2576,40,5,51,7.339023
587730817365115051,344.53860459,-9.23938127,19.385771,17.32711,16.38339,15.957567,15.602686,2576,40,4,153,6.801288
587730817362559126,338.61636849,-8.84127956,18.755827,16.826635,15.851473,15.404246,15.026515,2576,40,4,114,8.558331
587730817360724090,334.35802984,-8.42538644,18.92874,16.923197,15.913543,15.48204,15.092389,2576,40,4,86,12.029595
587730817359741093,332.03951975,-8.27316137,18.77861,16.767576,15.700027,15.234555,14.821227,2576,40,4,71,10.55669
587730817359085620,330.57484059,-8.09787203,17.989752,16.010386,15.070113,14.625087,14.273149,2576,40,4,61,7.553367
587730816828178569,344.26992428,-9.70256525,17.918507,15.95382,14.991162,14.549944,14.205786,2576,40,3,152,14.478942
587730816824508498,335.88570146,-9.077182,18.091869,16.154249,15.154566,14.715576,14.353121,2576,40,3,96,12.171689
587730816292815050,347.74798269,-10.33715874,19.392677,17.389494,16.184731,15.708225,15.338391,2576,40,2,175,7.608741
587730816289603775,340.38060253,-9.81836249,20.294893,18.550793,17.549404,17.00235,16.585428,2576,40,2,126,5.756305
587730816288423996,337.61445268,-9.61716856,17.94854,15.970351,15.051386,14.587578,14.250312,2576,40,2,108,11.107097
587730816286916677,334.10187911,-9.30942627,18.699629,16.736872,15.753713,15.300894,14.946184,2576,40,2,85,6.330529
587730815755681924,347.18375942,-10.74361708,18.881588,16.957445,15.970984,15.541646,15.17664,2576,40,1,171,5.920506
587730815749324976,332.48867126,-9.61601619,17.909101,15.831486,14.86008,14.418465,14.078288,2576,40,1,74,10.338426
587730775496392915,352.96989768,15.58256956,18.87953,17.001394,15.901899,15.40554,15.019944,2566,40,6,263,7.887395
587730775496327353,352.73115672,15.57648092,19.367779,17.490669,16.377628,15.907897,15.55722,2566,40,6,262,5.669968
587730775493181748,345.38496726,15.19185567,19.137608,17.101831,15.995938,15.531364,15.134687,2566,40,6,214,5.109717
587730775490101533,338.05858769,14.30564198,20.231676,18.113367,16.947361,16.453394,16.06963,2566,40,6,167,4.624692
587730775489511700,336.6374048,14.18270216,19.679762,17.554888,16.391203,15.900216,15.504935,2566,40,6,158,4.571552
587730774958080239,349.50733312,14.96112053,19.406511,17.501907,16.443045,15.972492,15.58174,2566,40,5,241,5.252159
587730774953230409,338.08558245,13.93102697,18.047556,16.096918,15.12011,14.693489,14.355086,2566,40,5,167,10.313919
587730774951330038,333.62247468,13.49089274,18.562431,16.608137,15.672926,15.238503,14.910378,2566,40,5,138,6.141541
587730774948577986,327.23690466,12.58542157,21.483294,19.511553,17.668007,17.034109,16.641319,2566,40,5,96,6.865246
587730774425337921,359.33379966,15.12120157,19.807463,17.788776,16.808121,16.375055,16.038349,2566,40,4,304,3.969312
587730774422847619,353.34750395,14.75605249,18.674856,16.639965,15.664026,15.190504,14.805538,2566,40,4,266,4.33732
587730774419374264,345.18235797,14.30122601,18.485407,16.48381,15.470187,15.015821,14.64813,2566,40,4,213,8.004877
587730774419177720,344.80641911,14.18197726,20.055485,18.008408,16.712629,16.211544,15.853847,2566,40,4,210,4.456188
587730774416621939,338.83131569,13.54572019,19.60644,17.840191,16.897495,16.484852,16.141989,2566,40,4,171,4.238953
587730774413934925,332.51233494,12.74234742,19.22781,17.124702,16.001659,15.533244,15.160544,2566,40,4,130,8.088991
587730774412624212,329.4666124,12.43311419,20.710062,18.625441,17.252165,16.706615,16.286833,2566,40,4,110,4.266517
587730773884207307,349.24830786,14.1999123,20.172655,18.015511,16.837599,16.354273,16.001379,2566,40,3,239,3.637235
587730773876670926,331.70805205,12.34459771,20.209871,18.18187,16.920258,16.403164,15.993717,2566,40,3,124,4.1422
587730773347139770,348.81547039,13.65163329,19.134876,17.024834,15.949339,15.486986,15.085206,2566,40,2,236,5.879586
587727874770403368,355.98897211,-9.95036078,18.774551,16.738409,15.673759,15.2191,14.84432,1891,40,3,73,7.171257
587727227300216956,358.79358471,-9.15559407,18.528439,16.578369,15.653069,15.21632,14.867356,1740,40,5,14,7.232856
587727226763411473,358.8899498,-9.65472734,17.421989,15.491861,14.519137,14.080043,13.736159,1740,40,4,15,17.036297
587727225689473109,358.41883435,-10.40553835,18.120443,16.161879,15.210026,14.764302,14.418535,1740,40,2,12,10.763504
587727223554637961,344.88506809,15.37715649,18.51613,16.642103,15.664481,15.224602,14.884788,1739,40,6,205,7.382891
587727223020716075,351.84153032,15.41036996,16.800032,15.212511,14.308346,13.842204,13.499416,1739,40,5,250,11.760015
587727223015473392,339.50405117,14.29894983,18.307194,16.293648,15.318428,14.874509,14.53724,1739,40,5,170,9.382711
587727222486139041,357.32758827,15.23882673,18.437473,16.4114,15.357245,14.889172,14.518363,1739,40,4,285,14.296234
587727222483714294,351.58498529,14.9586407,18.672237,16.711082,15.729396,15.242433,14.862242,1739,40,4,248,8.315614
587727221949595849,358.11301239,14.69401061,19.910534,17.962753,16.857815,16.384884,16.011467,1739,40,3,290,3.82918
587727221949136933,356.96924303,14.69906626,19.689886,17.679792,16.641298,16.212793,15.788015,1739,40,3,283,6.232845
587727221941469567,339.04731737,13.47222123,18.504978,16.569292,15.602962,15.161808,14.808387,1739,40,3,166,8.385543
587727221407481955,345.81750177,13.68336257,19.5347,17.553934,16.415722,15.941584,15.522553,1739,40,2,210,6.661769
587727221402566839,334.35342749,12.52297604,18.486258,16.484636,15.461699,15.002435,14.629137,1739,40,2,135,9.658128
587727220876116065,358.66694155,13.88828453,17.940767,15.837665,14.858674,14.404431,14.053173,1739,40,1,294,13.805057
587727220876050598,358.55124969,13.9226147,19.108965,17.032936,16.079777,15.638071,15.291651,1739,40,1,293,5.792384
587727220872577181,350.46311621,13.64515213,20.465523,18.390978,17.290022,16.807165,16.494961,1739,40,1,240,3.244392
587727214960247138,327.93772979,-7.00296501,18.650364,16.885569,16.006237,15.586926,15.252064,1737,40,6,137,4.162115
587727214423310619,327.68056922,-7.4076385,18.048832,16.150576,15.219345,14.768393,14.425757,1737,40,5,136,10.145537
587727214423179621,327.4432165,-7.44247581,18.242352,16.21734,15.221051,14.758172,14.405795,1737,40,5,134,9.536082
587727214422851863,326.65797197,-7.36704801,18.350302,16.446468,15.519492,15.10267,14.756195,1737,40,5,129,7.232894
587727213349437498,327.26902234,-8.1803781,18.853983,16.691713,15.557984,15.062239,14.684393,1737,40,3,134,12.066278
587727212812828954,327.86616998,-8.70119751,19.976053,17.855656,16.468805,15.948029,15.571226,1737,40,2,138,8.516245
587727180059574368,358.7784388,-9.37558257,17.563383,15.661342,14.701454,14.250555,13.881347,1729,40,5,75,17.566071
587727180055445590,349.24326398,-9.00937263,18.533817,16.527964,15.557052,15.107058,14.745208,1729,40,5,12,8.114246
587727178445619311,350.98494806,-10.52997645,18.803268,17.070807,16.04237,15.625091,15.237587,1729,40,2,24,6.472034
587727177911828594,358.21639369,-11.14872008,18.327675,16.360107,15.425288,15.013309,14.671731,1729,40,1,71,9.679945
587727177911631959,357.73447618,-11.07227607,19.007183,16.990805,16.074528,15.644096,15.292842,1729,40,1,68,6.376555
587727177910583405,355.26189207,-10.93364718,20.146349,18.102953,16.963696,16.501978,16.116621,1729,40,1,52,4.940867
587726879959220410,340.52646533,-7.89823535,17.842319,15.844312,14.847848,14.380936,14.011776,1659,40,6,235,12.01741
587726879959154816,340.28999592,-7.96240289,18.638565,16.741417,15.789307,15.351963,14.997259,1659,40,6,234,6.525412
587726879685673046,328.6908596,-7.34144168,18.346825,16.333578,15.406662,14.956288,14.600063,1659,40,5,157,7.219898
587726879416975722,328.12619511,-7.35357852,21.264153,18.823837,17.559624,17.072674,16.689184,1659,40,5,153,3.407088
587726878883971289,336.94465245,-8.52783043,18.244749,16.307991,15.380541,14.933376,14.576712,1659,40,4,212,5.401961
587726878879842398,327.46171985,-7.58741896,18.978567,17.044323,15.941918,15.468181,15.056193,1659,40,4,149,7.348492
587726878350508262,344.855482,-9.49698358,17.874865,15.934887,14.975376,14.556291,14.216016,1659,40,3,264,12.547667
587726878346772727,336.22336989,-8.93996349,19.168186,17.299885,16.333603,15.913044,15.557031,1659,40,3,207,5.662176
587726878344610041,331.19918747,-8.50652719,20.344883,18.374054,17.292309,16.842186,16.451563,1659,40,3,174,3.53193
587726878075060568,328.65774391,-8.65630394,18.809536,16.760635,15.804164,15.346084,14.947757,1659,40,2,157,8.681063
587730817898184837,335.75440838,-8.19908471,18.806295,17.049778,16.099747,15.643573,15.298525,2576,40,5,95,6.593857
587730817896743175,332.45497231,-7.91630468,18.687042,16.677666,15.585889,15.119306,14.723461,2576,40,5,73,14.395277
587730816830210169,348.98726827,-9.92727946,20.096758,18.220098,17.02585,16.564688,16.212894,2576,40,3,183,4.587182
587730775491805406,342.03905551,14.83590942,19.160574,17.113564,16.048811,15.601125,15.229132,2566,40,6,193,7.291331
587730775487938731,333.06705614,13.67095527,19.602808,17.736547,16.786587,16.366365,16.022657,2566,40,6,134,4.627157
587730774956114147,344.84863002,14.60156361,19.081221,17.132807,16.21225,15.791893,15.452343,2566,40,5,211,4.948421
587727223557324864,351.17561931,15.81999909,19.293755,17.223938,16.058565,15.571206,15.152635,1739,40,6,246,10.544007
587727223017832727,345.04586691,14.85665532,19.981251,17.818226,16.619635,16.140671,15.77771,1739,40,5,206,7.894535
587727214960378118,328.1553463,-7.11335341,19.803202,17.624123,16.39012,15.865495,15.523544,1737,40,6,139,7.549963
587727213886767319,328.33158875,-7.91418532,18.031647,16.026403,15.040092,14.597623,14.239938,1737,40,4,141,10.128623
587727213886636337,328.05770621,-7.87693252,18.439445,16.401049,15.45278,15.014539,14.669527,1737,40,4,139,6.991299
587727213886439535,327.63230882,-7.89700354,18.640858,16.65613,15.615009,15.166648,14.817074,1737,40,4,136,12.618659
587727213349437676,327.25922137,-8.18970071,19.774542,17.751091,16.631649,16.155247,15.787487,1737,40,3,134,6.526701
587727212275958006,327.84167764,-9.25038239,20.077408,18.241053,17.262962,16.812927,16.45085,1737,40,1,138,2.799757
587726879953584425,327.64948983,-6.75640014,20.49378,18.401112,17.29142,16.805222,16.405409,1659,40,6,149,4.967708
587727213886439857,327.67328103,-7.81111884,19.715918,17.772299,16.6441,16.172031,15.774899,1737,40,4,136,3.600775
587726879953518688,327.40855134,-6.69149228,18.013718,16.018616,15.10569,14.667689,14.313318,1659,40,6,148,7.085235
587731185657708813,338.71120403,-0.49866021,20.353916,18.442062,17.335419,16.840624,16.42152,2662,40,2,140,4.62159
587731185659216116,342.16222593,-0.53890413,21.264124,18.777924,17.492327,16.966421,16.5604,2662,40,2,163,3.467339
587731185659412685,342.57187997,-0.52323881,19.655771,17.683584,16.701849,16.25918,15.890177,2662,40,2,166,3.986135
587731185659871384,343.64468163,-0.57106473,18.534889,16.450277,15.428562,14.929042,14.552267,2662,40,2,173,10.61496
587731185660067917,344.11067015,-0.54326018,20.119131,18.326738,17.288366,16.837498,16.446495,2662,40,2,176,2.677609
587731185660068142,344.13567182,-0.42343642,22.245098,19.373249,17.839458,17.282625,16.823822,2662,40,2,176,4.77225
587731185660461341,345.03979637,-0.51014604,20.272205,17.720819,16.38308,15.84051,15.429867,2662,40,2,182,7.34024
587731185661772006,347.90790116,-0.57599665,21.128008,19.246466,17.705816,17.150093,16.755484,2662,40,2,202,6.330577
587731185662165098,348.92544072,-0.43530466,19.122217,17.15502,16.135571,15.691089,15.306574,2662,40,2,208,6.823001
587731185664393374,353.94013553,-0.53748615,19.092991,17.228901,16.308044,15.865468,15.531659,2662,40,2,242,4.753906
587731185664786569,354.81145523,-0.44617091,18.237253,16.247007,15.307426,14.86096,14.486629,2662,40,2,248,9.101905
587731185665441903,356.30105994,-0.49528001,19.60569,17.731623,16.606312,16.105572,15.690389,2662,40,2,258,6.177252
587731185666097314,357.8935688,-0.50945386,21.024994,18.795372,17.447601,16.933142,16.542614,2662,40,2,268,3.576956
587731185666883732,359.60010813,-0.42184377,19.922863,17.995625,16.991959,16.533499,16.171375,2662,40,2,280,3.650895
587731186189140385,326.31652928,-0.19620978,18.396601,16.402147,15.438218,14.970437,14.617944,2662,40,3,57,6.508303
587731186190254253,328.84469585,-0.01484968,18.025639,16.137123,15.277272,14.863819,14.521482,2662,40,3,74,5.248013
587731186191040724,330.54002915,-0.17288674,20.605318,18.613367,17.463718,16.99234,16.616177,2662,40,3,86,3.539973
587731186192023676,332.86429956,-0.05060869,17.816813,15.71546,14.746669,14.275981,13.900512,2662,40,3,101,10.132749
587731186192023827,332.83684177,-0.03648425,20.632143,18.632692,17.230042,16.696257,16.318789,2662,40,3,101,7.625013
587731186192220485,333.29679695,-0.18839773,19.592241,17.526253,16.4,15.939775,15.513694,2662,40,3,104,5.641071
587731186192744693,334.47955442,-0.09609518,20.395592,18.422754,17.42827,16.950613,16.592743,2662,40,3,112,3.634153
587731186193727808,336.80095261,-0.13409938,20.037479,18.023325,16.935858,16.426897,16.018181,2662,40,3,127,4.186705
587731186194448616,338.41053563,-8.26472E-3,18.338478,16.334509,15.305979,14.850112,14.490515,2662,40,3,138,12.046366
587731186195628228,341.12185532,-5.0975E-3,20.797852,19.095282,17.5839,17.0109,16.609087,2662,40,3,156,5.880942
587731186196152525,342.24905758,-0.03943406,18.523361,16.397886,15.326107,14.825006,14.441615,2662,40,3,164,10.436182
587731186197070016,344.29653802,-0.1377665,19.456678,17.400763,16.299686,15.795238,15.354342,2662,40,3,178,8.242913
587731186198577196,347.79175676,-0.15224919,16.890736,15.054618,14.239614,13.844755,13.54815,2662,40,3,201,10.333098
587731186198970580,348.78131388,-8.92165E-3,20.647465,18.547562,17.338858,16.852657,16.462151,2662,40,3,207,3.292618
587731186201198689,353.74336265,-0.20168108,18.287357,16.311712,15.417954,14.989115,14.625229,2662,40,3,241,6.256117
587731186201264294,353.9877117,-0.1598056,21.529043,19.234434,17.732792,17.182417,16.83252,2662,40,3,242,4.483279
587731186202902700,357.66299312,-5.5066E-4,21.128248,18.998602,17.790363,17.296944,16.966513,2662,40,3,267,3.486195
587731186727845967,330.46655991,0.31900439,17.647726,15.553579,14.596928,14.158278,13.807742,2662,40,4,85,10.822186
587731186728173924,331.21265789,0.31419194,19.027161,16.968704,15.917096,15.465081,15.078868,2662,40,4,90,9.697896
587731186729418914,334.09880338,0.33741831,19.645439,17.663343,16.466763,15.945707,15.539344,2662,40,4,109,4.600744
587731186729877625,335.1273757,0.29652587,19.256041,17.238457,16.329885,15.879265,15.542541,2662,40,4,116,5.467827
587731186730467477,336.50566828,0.26233849,18.581451,16.467609,15.431545,14.929811,14.550198,2662,40,4,125,7.329372
587731186730664290,336.89867216,0.34586697,20.709766,18.544434,17.232845,16.696722,16.316591,2662,40,4,128,5.293952
587731186731778254,339.40464983,0.34413186,20.48436,18.459394,17.162199,16.629251,16.288099,2662,40,4,145,5.056497
587731186732892167,341.90450667,0.38499717,18.107231,16.267109,15.405612,14.977952,14.66459,2662,40,4,162,6.442321
587731186733416587,343.11727301,0.29449636,18.957714,16.760149,15.700704,15.195143,14.783206,2662,40,4,170,9.927667
587731186733482133,343.27028187,0.40814611,17.998653,15.942529,14.966839,14.495657,14.126401,2662,40,4,171,10.551781
587731186733613230,343.54872827,0.2393171,20.193165,18.164492,17.02734,16.537148,16.123413,2662,40,4,173,4.899384
587731186733613252,343.57993111,0.25761272,19.068727,17.050423,15.974521,15.493049,15.096632,2662,40,4,173,8.437559
587731186734006460,344.4973505,0.29517091,19.651474,17.665497,16.632055,16.189507,15.778178,2662,40,4,179,8.929658
587731186736824575,350.99471657,0.28140659,19.686039,17.585045,16.647671,16.22444,15.909849,2662,40,4,222,3.545184
587731186737217679,351.80256769,0.2163121,18.718449,16.809278,15.941344,15.530271,15.218989,2662,40,4,228,6.326459
587731186738331853,354.426214,0.3039254,19.52014,17.461021,16.430477,15.988269,15.614971,2662,40,4,245,5.387737
587731186738659507,355.11233133,0.30059842,20.854879,18.798962,17.51041,16.995914,16.609583,2662,40,4,250,4.733268
587731186739052559,355.9831513,0.21808679,17.293152,15.502633,14.705451,14.31868,14.016621,2662,40,4,256,6.086911
587731186739773465,357.64062916,0.28281613,20.290245,18.217009,17.101395,16.653515,16.303034,2662,40,4,267,5.047004
587731186739773587,357.64934243,0.30407708,20.680044,18.740322,17.511612,17.009329,16.604277,2662,40,4,267,5.247762
587731187263013141,326.51363263,0.68688844,19.892031,17.718399,16.577494,16.081127,15.676838,2662,40,5,59,5.568792
587731187263143965,326.79513064,0.73618899,19.545935,17.49103,16.370253,15.882506,15.481748,2662,40,5,61,6.633405
587731187263602808,327.88765493,0.6508225,18.304222,16.237617,15.250274,14.777148,14.411377,2662,40,5,68,7.219886
587731187267141840,335.92859355,0.6411074,21.054581,19.081964,17.854204,17.289616,16.8892,2662,40,5,122,3.937905
587731187267928321,337.8240454,0.76430397,20.227739,18.129421,16.966412,16.443085,16.057144,2662,40,5,134,3.963292
587731187268059237,338.13063539,0.68759501,17.982569,16.033482,15.089458,14.64886,14.334496,2662,40,5,136,8.321777
587731187268518115,339.17482878,0.8063756,19.955336,17.886576,16.770388,16.262852,15.864387,2662,40,5,143,4.061976
587731187269435531,341.15689346,0.79773389,19.488686,17.700409,16.838894,16.434368,16.133366,2662,40,5,157,4.061333
587731187270287552,343.18267913,0.82190373,19.468811,17.383442,16.187523,15.701315,15.305776,2662,40,5,170,6.637318
587731187275137138,354.21174753,0.65517415,19.170525,17.213076,16.295931,15.878233,15.514382,2662,40,5,244,4.333953
587731187275333866,354.75143241,0.7161143,20.373104,18.263119,16.900043,16.378166,15.979321,2662,40,5,247,5.921264
587731187275858117,355.94634054,0.70587611,18.748476,16.763018,15.786419,15.352559,15.088508,2662,40,5,255,6.508989
587731187277430908,359.49936934,0.7690692,18.193018,16.145504,15.21112,14.770236,14.394929,2662,40,5,279,11.006031
587731187277562005,359.85825165,0.72139303,18.430931,16.501287,15.572258,15.138458,14.810579,2662,40,5,281,8.708579
587731187277627574,359.92199472,0.6371444,18.644489,16.679062,15.735151,15.28354,14.938151,2662,40,5,282,8.041354
587731187800801619,328.72137546,1.13140499,20.93177,19.064375,17.586937,17.022211,16.627529,2662,40,6,73,4.488766
587731187801456979,330.14840452,1.05914855,19.543444,17.630581,16.618324,16.183321,15.829459,2662,40,6,83,5.384381
587731187801457050,330.21611276,1.14067873,19.638758,18.493961,17.77467,17.333403,17.098825,2662,40,6,83,2.313083
587731187802112024,331.58550859,1.12103634,17.005909,15.062968,14.171404,13.744973,13.428337,2662,40,6,93,15.288439
587731187802112128,331.66025625,1.17688666,17.642191,15.697727,14.787784,14.351694,14.001834,2662,40,6,93,8.651876
587731187804799144,337.74933424,1.21321794,22.180065,19.106913,17.648823,17.083208,16.664703,2662,40,6,134,4.37218
587731187804864802,337.99514607,1.18399785,18.425308,16.613901,15.735144,15.310802,14.995064,2662,40,6,135,7.786739
587731187805257912,338.84132753,1.20548617,17.889584,15.904821,14.91319,14.442388,14.069639,2662,40,6,141,8.39993
587731187805388929,339.07143474,1.210564,17.897247,15.951702,14.945321,14.490983,14.151515,2662,40,6,143,11.365774
587731187805520018,339.38577633,1.15021067,17.998873,16.00807,15.0509,14.578642,14.215038,2662,40,6,145,13.092064
587731187806306471,341.19457977,1.13257503,19.936882,18.049311,16.990902,16.549347,16.175766,2662,40,6,157,3.848049
587731187806699685,342.15119411,1.09247765,20.31958,18.386011,17.060541,16.501354,16.071123,2662,40,6,163,5.63095
587731187807617219,344.25386528,1.16976891,21.068283,18.839018,17.384871,16.835766,16.457054,2662,40,6,177,6.294036
587731187809583156,348.74636605,1.20458693,17.344816,15.486202,14.610913,14.203413,13.862341,2662,40,6,207,7.594925
587731187812860018,356.23380769,1.12688323,17.616415,15.646394,14.719608,14.257657,13.956108,2662,40,6,257,14.203989
587731187813253146,357.07495805,1.10473961,18.235435,16.308372,15.336776,14.893855,14.573808,2662,40,6,263,11.485641
587734303265849697,330.35231467,-1.22566946,18.947006,17.277863,16.366909,15.90337,15.546787,3388,40,1,121,3.458612
587734303266308145,331.31431869,-1.12593887,16.69755,15.168344,14.449536,14.073075,13.797208,3388,40,1,128,6.53886
587734303268667599,336.72218913,-1.17267785,20.447235,18.674343,17.461325,16.997854,16.652792,3388,40,1,164,5.575816
587734303269126346,337.73711182,-1.07921561,19.106979,17.126827,16.21088,15.773099,15.413026,3388,40,1,171,3.51446
587734303269191817,337.87498673,-1.23674603,19.798111,17.698048,16.612951,16.117636,15.690075,3388,40,1,172,7.471716
587734303269519629,338.69022818,-1.08227885,18.545952,16.365093,15.340178,14.864519,14.481094,3388,40,1,177,9.725853
587734303269585115,338.79984118,-1.14719507,18.476484,16.342573,15.292624,14.798882,14.390895,3388,40,1,178,13.986993
587734303801409795,327.31040661,-0.78565455,21.186186,19.022945,17.606163,17.046274,16.604006,3388,40,2,101,4.963864
587734303802196296,329.14817735,-0.74719713,22.352966,19.473703,18.007235,17.445032,16.992777,3388,40,2,113,6.526546
587734303803048223,331.09679892,-0.69008087,20.53277,18.594946,17.42206,16.912741,16.48621,3388,40,2,126,5.31565
587734303804424469,334.19652333,-0.83521582,18.459875,16.29846,15.253616,14.74832,14.333972,3388,40,2,147,7.780376
587734303804948752,335.39556803,-0.8136481,20.087473,18.093727,16.941059,16.437225,16.027489,3388,40,2,155,4.597689
587734303806259411,338.3093075,-0.82926279,18.297245,16.264734,15.305491,14.863475,14.47826,3388,40,2,175,7.460362
587734303806652630,339.26933755,-0.69070076,20.127357,17.956711,16.785112,16.304329,15.925819,3388,40,2,181,4.290862
587734303807045780,340.14564497,-0.7334273,18.062067,16.059736,15.114492,14.678245,14.295918,3388,40,2,187,6.365809
587734303807242398,340.58122979,-0.80673498,18.323782,16.516159,15.780295,15.447885,15.180676,3388,40,2,190,5.860069
587734303809274039,345.22748453,-0.70923938,20.846807,18.630453,17.2514,16.723358,16.341194,3388,40,2,221,5.7397
587734304339067227,329.09518317,-0.23943626,20.275326,18.186089,17.049311,16.561441,16.12236,3388,40,3,113,6.226936
587734304339329277,329.6649368,-0.33646328,21.630016,19.33699,17.785824,17.204794,16.832975,3388,40,3,117,3.779555
587734304340771059,332.9411813,-0.32350553,20.878868,18.990499,17.600796,17.072847,16.693069,3388,40,3,139,4.982509
587734304341229784,334.03568056,-0.34285227,19.921549,17.712687,16.507824,15.990328,15.588496,3388,40,3,146,5.389531
587734304343326790,338.79917494,-0.40242587,19.509373,17.435257,16.343794,15.900352,15.499942,3388,40,3,178,5.519469
587734304343654605,339.54238511,-0.40291654,21.062128,19.162874,17.741282,17.190374,16.804796,3388,40,3,183,7.525174
587734304343916561,340.11701289,-0.24939032,17.605679,15.482851,14.493812,14.029248,13.651544,3388,40,3,187,12.207041
587734304344178849,340.70476746,-0.28010157,21.912735,19.260387,17.743837,17.18816,16.821108,3388,40,3,191,4.804951
587734304345489535,343.70552127,-0.35628498,18.412832,16.353941,15.33799,14.855317,14.479012,3388,40,3,211,7.819128
587734304875544741,328.13355671,0.16641109,18.497726,16.462963,15.513918,15.05415,14.667033,3388,40,4,107,10.849823
587734304875741352,328.59792984,0.08436261,19.297523,17.255505,16.026302,15.513057,15.08207,3388,40,4,110,10.403436
587734304876527758,330.47512842,0.08176895,19.826883,17.777704,16.448763,16.491898,15.931896,3388,40,4,122,3.415265
587734304876724555,330.93271004,0.11511404,19.185955,17.452175,16.424545,15.926435,15.508868,3388,40,4,125,6.740843
587734304878559522,335.15411797,0.01130423,19.831699,17.837944,16.857588,16.409119,16.031424,3388,40,4,153,3.605978
587734304879542576,337.29065796,0.0788683,18.302488,16.239851,15.269409,14.811457,14.460285,3388,40,4,168,9.131382
587734304879739090,337.79699005,0.13822113,18.608744,16.672312,15.767378,15.33448,14.993412,3388,40,4,171,6.118326
587734304881377571,341.59249775,0.15937558,20.17137,18.0669,16.908873,16.407879,15.985148,3388,40,4,196,7.623118
587734304882294944,343.64461498,0.08363281,19.889584,18.092115,16.86529,16.309465,15.907724,3388,40,4,210,5.822166
587734305412088160,327.49329474,0.54534429,18.371437,16.508165,15.572517,15.115273,14.763299,3388,40,5,102,6.115303
587734305412219152,327.72111905,0.59737529,19.460831,17.280851,16.172606,15.623444,15.235501,3388,40,5,104,4.86814
587734305413005558,329.48431774,0.47240182,20.583828,18.596277,17.530113,17.076725,16.701859,3388,40,5,116,3.468449
587734305413660855,331.007609,0.58461651,18.199125,16.323053,15.43793,15.020442,14.689222,3388,40,5,126,8.352596
587734305414906072,333.89211222,0.43185666,20.604294,18.480619,17.351719,16.878845,16.529804,3388,40,5,145,2.914266
587734305415692540,335.72642419,0.57813499,21.018919,18.941824,17.741095,17.233335,16.859047,3388,40,5,157,3.419462
587734305417920689,340.83200604,0.45893052,18.185982,16.177378,15.209321,14.761524,14.394801,3388,40,5,191,7.926117
587734305419559207,344.56550836,0.52474358,20.538134,18.822371,17.323385,16.759275,16.405264,3388,40,5,216,7.020714
587734305419886811,345.33410975,0.50020278,19.483568,17.460384,16.403429,15.913871,15.527773,3388,40,5,221,4.969954
587734305952563477,335.73658594,0.96354659,21.346418,19.014277,17.466812,16.90085,16.465097,3388,40,6,157,5.148417
587734305952628979,335.86236126,0.89389287,21.292316,19.246143,17.694311,17.146786,16.725616,3388,40,6,158,4.57301
587734305955381560,342.17542374,0.91315011,19.379253,17.417351,16.271355,15.759746,15.342907,3388,40,6,200,8.504526
587734305955840233,343.20199661,0.85793476,19.702904,17.557892,16.362955,15.844654,15.415743,3388,40,6,207,8.64135
588015507654181009,349.57400671,-1.15164664,19.169987,17.014933,15.956668,15.45168,15.036626,3325,41,1,38,8.235
588015507654639730,350.64922432,-1.09530062,18.633368,16.753284,15.773023,15.315271,14.962296,3325,41,1,45,8.83696
588015508189806745,346.72914048,-0.66097515,18.425842,16.576939,15.751778,15.361506,15.026175,3325,41,2,19,7.064142
588015508191707256,351.11827989,-0.809651,18.857592,16.794039,15.884199,15.470102,15.111661,3325,41,2,48,7.852418
588015508192362563,352.50187027,-0.67509126,20.322752,18.029543,16.77771,16.295115,15.918838,3325,41,2,58,9.101537
588015508194590795,357.57862257,-0.8146953,19.028118,17.111147,16.22164,15.791049,15.45025,3325,41,2,92,5.856243
588015508457717877,345.48249644,-0.65960019,20.76832,18.859968,17.50177,16.963602,16.562048,3325,41,2,11,6.799243
588015508727922743,349.53498172,-0.39048994,16.203026,14.242033,13.375878,12.933593,12.596163,3325,41,3,38,15.844818
588015508729757785,353.79829365,-0.22106542,20.280338,18.33744,17.144672,16.660975,16.293915,3325,41,3,66,4.917829
588015508731658342,358.04502825,-0.37340825,21.32637,18.676926,17.348452,16.82946,16.491142,3325,41,3,95,5.374686
588015508732116995,359.07839137,-0.30562196,16.030914,14.097827,13.236152,12.813849,12.496792,3325,41,3,102,10.175008
588015509263286415,346.1812027,0.04460809,20.256193,18.295494,17.087406,16.603888,16.253948,3325,41,4,15,3.995107
588015509263679636,347.03846542,0.17600837,17.967855,16.07571,15.144795,14.711932,14.360864,3325,41,4,21,9.558648
588015509264203903,348.14825381,0.15196772,18.99823,16.948488,15.881712,15.426094,15.013407,3325,41,4,29,9.279967
588015509267218567,355.10051349,2.27418E-3,18.603109,16.616306,15.680124,15.247658,14.89346,3325,41,4,75,9.17972
588015509801599129,349.47152135,0.4474791,20.400898,18.353344,17.026562,16.492165,16.126509,3325,41,5,37,4.827657
588015509804023880,354.92414469,0.53649346,19.505508,17.530497,16.396574,15.903597,15.514869,3325,41,5,74,6.04734
588015509805793302,358.96659756,0.55790873,16.829111,15.022724,14.206977,13.830028,13.541012,3325,41,5,101,13.586585
588015510337224807,346.52130153,0.95887973,18.029224,16.146461,15.329028,14.91417,14.566689,3325,41,6,18,5.44779
588015510337224830,346.57338787,1.00668229,19.021481,17.016403,15.991468,15.546391,15.182443,3325,41,6,18,8.372058
588015510337421323,346.95394427,0.94051823,16.397268,14.494226,13.633278,13.22339,12.903792,3325,41,6,21,11.056807
588015510339059767,350.69363416,0.84671622,19.446327,17.544937,16.449778,15.92655,15.556129,3325,41,6,46,6.4019
588015510339256459,351.1997978,0.94429867,19.394423,17.479527,16.40889,15.937323,15.543538,3325,41,6,49,6.072512
588015510341615694,356.53699216,1.03031686,18.517361,16.643265,15.700956,15.271503,14.99154,3325,41,6,85,11.522901
588015510342205623,357.94752666,0.97276404,18.682014,16.851892,15.953587,15.515522,15.171474,3325,41,6,94,6.293221
588015510342467726,358.53081226,0.99206457,21.12767,18.734423,17.342367,16.814344,16.485336,3325,41,6,98,5.390378
588015510342533247,358.64399773,0.86997893,20.653248,19.108721,17.633036,17.071819,16.798138,3325,41,6,99,4.902636
