,SDSS_OBJID,RA_sdss,DEC_sdss,NVOTE,P_EL,P_CW,P_ACW,P_EDGE,P_DK,P_MG,P_CS,P_EL_DEBIASED,P_CS_DEBIASED,SPIRAL,ELLIPTICAL,UNCERTAIN,RA_deg,DEC_deg,ra,dec,u,g,r,i,z,run,rerun,camcol,field,petroRad_r,DES_COADD_OBJECT_ID,TILENAME,HPIX_32,HPIX_64,HPIX_1024,HPIX_4096,HPIX_16384,RA_des,DEC_des,ALPHAWIN_J2000,DELTAWIN_J2000,GALACTIC_L,GALACTIC_B,XWIN_IMAGE,YWIN_IMAGE,A_IMAGE,ERRA_IMAGE,B_IMAGE,ERRB_IMAGE,THETA_J2000,ERRTHETA_IMAGE,KRON_RADIUS,EBV_SFD98,MAG_AUTO_G_DERED,MAG_AUTO_R_DERED,MAG_AUTO_I_DERED,MAG_AUTO_Z_DERED,MAG_AUTO_Y_DERED,WAVG_MAG_PSF_G_DERED,WAVG_MAG_PSF_R_DERED,WAVG_MAG_PSF_I_DERED,WAVG_MAG_PSF_Z_DERED,WAVG_MAG_PSF_Y_DERED,FLAGS_G,IMAFLAGS_ISO_G,NEPOCHS_G,FLAGS_R,IMAFLAGS_ISO_R,NEPOCHS_R,FLAGS_I,IMAFLAGS_ISO_I,NEPOCHS_I,FLAGS_Z,IMAFLAGS_ISO_Z,NEPOCHS_Z,FLAGS_Y,IMAFLAGS_ISO_Y,NEPOCHS_Y,XWIN_IMAGE_G,XWIN_IMAGE_R,XWIN_IMAGE_I,XWIN_IMAGE_Z,XWIN_IMAGE_Y,YWIN_IMAGE_G,YWIN_IMAGE_R,YWIN_IMAGE_I,YWIN_IMAGE_Z,YWIN_IMAGE_Y,X2WIN_IMAGE_G,X2WIN_IMAGE_R,X2WIN_IMAGE_I,X2WIN_IMAGE_Z,X2WIN_IMAGE_Y,Y2WIN_IMAGE_G,Y2WIN_IMAGE_R,Y2WIN_IMAGE_I,Y2WIN_IMAGE_Z,Y2WIN_IMAGE_Y,XYWIN_IMAGE_G,XYWIN_IMAGE_R,XYWIN_IMAGE_I,XYWIN_IMAGE_Z,XYWIN_IMAGE_Y,ERRX2WIN_IMAGE_G,ERRX2WIN_IMAGE_R,ERRX2WIN_IMAGE_I,ERRX2WIN_IMAGE_Z,ERRX2WIN_IMAGE_Y,ERRY2WIN_IMAGE_G,ERRY2WIN_IMAGE_R,ERRY2WIN_IMAGE_I,ERRY2WIN_IMAGE_Z,ERRY2WIN_IMAGE_Y,ERRXYWIN_IMAGE_G,ERRXYWIN_IMAGE_R,ERRXYWIN_IMAGE_I,ERRXYWIN_IMAGE_Z,ERRXYWIN_IMAGE_Y,AWIN_IMAGE_G,AWIN_IMAGE_R,AWIN_IMAGE_I,AWIN_IMAGE_Z,AWIN_IMAGE_Y,BWIN_IMAGE_G,BWIN_IMAGE_R,BWIN_IMAGE_I,BWIN_IMAGE_Z,BWIN_IMAGE_Y,THETAWIN_IMAGE_G,THETAWIN_IMAGE_R,THETAWIN_IMAGE_I,THETAWIN_IMAGE_Z,THETAWIN_IMAGE_Y,ERRAWIN_IMAGE_G,ERRAWIN_IMAGE_R,ERRAWIN_IMAGE_I,ERRAWIN_IMAGE_Z,ERRAWIN_IMAGE_Y,ERRBWIN_IMAGE_G,ERRBWIN_IMAGE_R,ERRBWIN_IMAGE_I,ERRBWIN_IMAGE_Z,ERRBWIN_IMAGE_Y,ERRTHETAWIN_IMAGE_G,ERRTHETAWIN_IMAGE_R,ERRTHETAWIN_IMAGE_I,ERRTHETAWIN_IMAGE_Z,ERRTHETAWIN_IMAGE_Y,FLUX_RADIUS_G,FLUX_RADIUS_R,FLUX_RADIUS_I,FLUX_RADIUS_Z,FLUX_RADIUS_Y,FWHM_IMAGE_G,FWHM_IMAGE_R,FWHM_IMAGE_I,FWHM_IMAGE_Z,FWHM_IMAGE_Y,ISOAREA_IMAGE_G,ISOAREA_IMAGE_R,ISOAREA_IMAGE_I,ISOAREA_IMAGE_Z,ISOAREA_IMAGE_Y,BACKGROUND_G,BACKGROUND_R,BACKGROUND_I,BACKGROUND_Z,BACKGROUND_Y,NITER_MODEL_G,NITER_MODEL_R,NITER_MODEL_I,NITER_MODEL_Z,NITER_MODEL_Y,KRON_RADIUS_G,KRON_RADIUS_R,KRON_RADIUS_I,KRON_RADIUS_Z,KRON_RADIUS_Y,MAG_AUTO_G,MAG_AUTO_R,MAG_AUTO_I,MAG_AUTO_Z,MAG_AUTO_Y,MAGERR_AUTO_G,MAGERR_AUTO_R,MAGERR_AUTO_I,MAGERR_AUTO_Z,MAGERR_AUTO_Y,WAVG_MAG_PSF_G,WAVG_MAG_PSF_R,WAVG_MAG_PSF_I,WAVG_MAG_PSF_Z,WAVG_MAG_PSF_Y,WAVG_MAGERR_PSF_G,WAVG_MAGERR_PSF_R,WAVG_MAGERR_PSF_I,WAVG_MAGERR_PSF_Z,WAVG_MAGERR_PSF_Y,FLUX_AUTO_G,FLUX_AUTO_R,FLUX_AUTO_I,FLUX_AUTO_Z,FLUX_AUTO_Y,FLUXERR_AUTO_G,FLUXERR_AUTO_R,FLUXERR_AUTO_I,FLUXERR_AUTO_Z,FLUXERR_AUTO_Y,WAVG_FLUX_PSF_G,WAVG_FLUX_PSF_R,WAVG_FLUX_PSF_I,WAVG_FLUX_PSF_Z,WAVG_FLUX_PSF_Y,WAVG_FLUXERR_PSF_G,WAVG_FLUXERR_PSF_R,WAVG_FLUXERR_PSF_I,WAVG_FLUXERR_PSF_Z,WAVG_FLUXERR_PSF_Y,CLASS_STAR_G,CLASS_STAR_R,CLASS_STAR_I,CLASS_STAR_Z,CLASS_STAR_Y,SPREAD_MODEL_G,SPREAD_MODEL_R,SPREAD_MODEL_I,SPREAD_MODEL_Z,SPREAD_MODEL_Y,WAVG_SPREAD_MODEL_G,WAVG_SPREAD_MODEL_R,WAVG_SPREAD_MODEL_I,WAVG_SPREAD_MODEL_Z,WAVG_SPREAD_MODEL_Y,SPREADERR_MODEL_G,SPREADERR_MODEL_R,SPREADERR_MODEL_I,SPREADERR_MODEL_Z,SPREADERR_MODEL_Y,WAVG_SPREADERR_MODEL_G,WAVG_SPREADERR_MODEL_R,WAVG_SPREADERR_MODEL_I,WAVG_SPREADERR_MODEL_Z,WAVG_SPREADERR_MODEL_Y,d2d_des
0,587731186210177124,00:57:00.29,-00:08:20.4,38,0.053,0.132,0.0,0.816,0.0,0.0,0.947,0.009000000000000001,0.991,1,0,0,14.251208333333333,-0.13899999999999998,14.25119703,-0.13899798,19.717012,18.091488,17.220543,16.742104,16.352307999999994,2662,40,3,378,5.947573,283534610,DES0056+0001,4505,18022,4613770,73820331,1181125306,14.251142,-0.138929,14.25114212,-0.13892875,125.99611664,-62.97755432,4718.76728566,2870.66682101,12.95655251,0.01997994,4.28162432,0.00691354,21.17487335,-68.81142426,3.5,0.0246,17.85139656,17.03748703,16.62177086,16.36543274,16.19743729,19.21278572,18.74651909,18.29634476,18.08039474,17.65745735,0,0,2,0,0,3,0,0,2,0,0,2,0,0,4,4718.64675185,4718.69623756,4718.81844375,4718.92077087,4718.97985265,2870.86169997,2870.72423431,2870.58809062,2870.62033776,2870.6606099,20.5447386,15.33813911,14.29094735,12.93387893,16.53532196,43.94447762,34.22333701,31.22874964,28.06064401,32.58806878,-9.66524618,-7.44067086,-6.48404875,-5.71730446,-5.90659503,0.00039225,0.00015036,0.00013397,0.00023969,0.00151822,0.00042436,0.00016732,0.00014407,0.0002541,0.00154892,-1.275e-05,-6.31e-06,-3.76e-06,-3.88e-06,-1.017e-05,6.88624525,6.06651831,5.7815156,5.47525501,5.87598181,4.13144541,3.57195044,3.47761011,3.31905174,3.82050109,-70.2199707,-70.8811264,-71.28061676,-71.45683289,-71.82535553,0.02070774,0.01301579,0.01205461,0.01597111,0.03939525,0.01969274,0.01217676,0.01152047,0.01545024,0.03892497,-70.77241516,-71.6708374,-71.64951324,-75.86606598,-73.24128723,10.3938303,9.37711811,9.02070045,8.63183689,9.22786522,27.10209656,17.95266724,16.63797951,15.04326534,16.49131203,1863,1890,1877,1638,1407,-0.0284969,-0.07908993,-0.16419739,-0.01779803,-0.05492362,28,46,57,45,35,3.5,3.5,3.5,3.5,3.5,17.92977142,17.09013176,16.66036797,16.39485359,16.22321892,0.00244889,0.00183945,0.00187964,0.00281007,0.00610549,19.29116058,18.79916382,18.33494186,18.1098156,17.68323898,0.00366877,0.00215408,0.00234118,0.00297068,0.00506694,67311.8203125,145863.671875,216697.046875,276731.5625,324124.9375,151.7855072,247.06173706,375.05819702,716.05456543,1822.22998047,19210.38085938,30222.77148438,46347.171875,57026.13671875,84470.375,64.91529846,59.96341324,99.94225311,156.03440857,394.22164917,0.02862097,0.0286291,0.02863007,0.02862884,0.02845755,0.0227544,0.02285308,0.02605478,0.02419296,0.02591836,0.02191013,0.02436594,0.02368354,0.0239848,0.02401982,0.00011953,9.315e-05,9.408e-05,0.00011416,0.0002764,0.00017445,0.00011093,0.00011765,0.00015119,0.00027034,0.3176686078021087
1,587731186210242700,00:57:44.50,-00:05:18.4,33,0.061,0.0,0.636,0.303,0.0,0.0,0.939,0.015,0.985,1,0,0,14.435416666666667,-0.08844444444444444,14.43543676,-0.08844713,19.557783,18.027374,17.450367,17.08963,16.884634,2662,40,3,379,7.822197999999998,283532772,DES0056+0001,4505,18022,4613773,73820376,1181126018,14.435372,-0.088422,14.43537191,-0.08842186,126.39504242,-62.91777802,2196.97768828,3562.01195434,15.95429325,0.02842058,4.93340302,0.00966826,-77.72602081,12.96024799,3.5,0.02569,17.82294464,17.32343102,17.09067345,16.94922447,16.82293129,19.91795921,19.54259491,19.40420532,19.22607803,18.78133965,0,0,5,0,0,4,0,0,4,0,0,4,0,0,4,2197.95330507,2197.21631915,2196.93936464,2196.65902515,2196.66903716,3562.00450632,3562.02449678,3561.96499931,3561.98299882,3561.91326159,110.06890608,86.41444859,74.96039864,67.42052418,71.09275311,31.70821811,25.91767321,22.39277459,20.31055876,26.32630804,16.90808663,14.32760198,12.98516133,12.06683634,12.94917189,0.00118716,0.00080155,0.00088419,0.00175086,0.01317141,0.00110656,0.00074924,0.00084915,0.00171414,0.01286587,1.867e-05,1.443e-05,1.006e-05,1.108e-05,0.00036514,10.65652561,9.46763515,8.83136559,8.38638687,8.63530922,5.31183481,4.76403189,4.40001774,4.17128325,4.78021908,11.67118835,12.67263794,13.14552593,13.56266403,15.02514839,0.03451491,0.02837727,0.02978037,0.04188009,0.11582077,0.03320315,0.02730434,0.02909422,0.04136491,0.11235136,12.43059158,14.4416914,14.92976475,15.55942822,33.64793015,14.87397194,13.53509617,12.77915573,12.25794125,12.66897583,48.22167206,39.10772705,35.05671692,32.38541412,36.00865555,2237,2155,2043,1768,1352,0.04086892,-0.04435118,-0.06865761,0.07656927,0.39861882,32,17,33,39,47,3.5,3.5,3.5,3.5,3.5,17.90479279,17.37840843,17.13098145,16.97994995,16.84985352,0.00252164,0.00247472,0.0029269,0.00449178,0.0115988,19.99980736,19.59757233,19.44451332,19.25680351,18.80826187,0.00413575,0.0034114,0.00356671,0.0049097,0.01300464,68878.359375,111850.0703125,140477.71875,161443.15625,181994.734375,159.93238831,254.87794495,378.60400391,667.74127197,1943.75756836,10001.77929688,14486.75683594,16679.94726562,19827.9765625,29970.57421875,38.09967041,45.51913834,54.79650497,89.66506958,358.9909668,0.02849055,0.02858534,0.02857786,0.02838089,0.00048821,0.02854711,0.02892017,0.03075416,0.0288724,0.03074112,0.02855214,0.02888489,0.02889224,0.02876268,0.0283749,0.0001779,0.00016282,0.00017973,0.00023341,0.00065652,0.00021125,0.00017814,0.0001843,0.00025572,0.00073109,0.25007343728789416
2,588015508738867312,00:58:14.46,-00:17:48.6,53,0.0,0.057,0.943,0.0,0.0,0.0,1.0,0.0,1.0,1,0,0,14.560250000000002,-0.2968333333333333,14.56026307,-0.29684688,17.977259,16.620661,16.10203,15.789618,15.598745,3325,41,3,205,11.155858,283541740,DES0056+0001,4505,18022,4613673,73818774,1181100390,14.560138,-0.296787,14.56013809,-0.29678727,126.69535828,-63.11881638,489.10820526,709.76121977,16.55142403,0.01731279,15.61326313,0.01611105,-64.70088959,23.34893608,3.5,0.03435,16.41455269,15.90765476,15.70236588,15.54566097,15.44354534,19.43221855,18.81261826,18.62726974,18.56857109,18.37047958,2,0,1,2,0,2,2,0,2,2,0,3,2,0,3,489.93748971,489.29290977,489.13225951,488.92937866,488.86637081,708.45164855,709.01630507,709.26004862,709.25839255,709.38486771,149.1298548,133.78146666,126.74926081,122.05085541,124.96585285,149.49615896,136.27648395,129.68599469,126.9242106,130.01433659,-0.57546455,-1.0056511,-0.79398236,-0.87778888,-0.66320847,0.00040821,0.00040421,0.00050562,0.00124033,0.0072649,0.00044797,0.0004061,0.00047777,0.00113661,0.00727251,-2.25e-06,-1.81e-06,-1.5e-06,-1.71e-06,-7.13e-06,12.2440567,11.688941,11.39679432,11.2728653,11.40613937,12.19463444,11.55104351,11.24937057,11.04072285,11.17498016,-53.82730865,-70.56337738,-75.79940796,-80.09447479,-82.639534,0.02116822,0.02017925,0.02248781,0.03521872,0.08530407,0.02020109,0.02007752,0.02185605,0.03371323,0.0852093,-86.77062988,-58.79563141,-3.06778741,-0.94297326,-59.03281784,20.69914627,19.96163368,19.60786438,19.41596222,19.63415909,31.883955,25.38796806,23.58418846,22.19647026,27.46629906,6807,6788,6613,6007,4395,0.03278231,-0.11575947,-0.16002733,-0.26093718,-0.00094786,38,35,37,39,42,3.5,3.5,3.5,3.5,3.5,16.52399254,15.98116398,15.75626087,15.58674335,15.47954369,0.00140928,0.00143527,0.00167239,0.00265191,0.00656319,19.5416584,18.88612747,18.6811657,18.60965347,18.40647888,0.00331132,0.00298509,0.0030894,0.00348516,0.0097095,245698.703125,405074.125,498305.65625,582508.875,642957.6875,318.83721924,535.34954834,767.36791992,1422.43139648,3885.68261719,15252.34863281,27896.45507812,33692.5234375,35986.41015625,43391.859375,46.51873016,76.70022583,95.87339783,115.51848602,388.05685425,0.02859551,0.02859387,0.02855511,0.02829485,0.00049634,0.02199239,0.0228379,0.02620035,0.02504686,0.02624848,0.01958912,0.02234762,0.02331035,0.02394303,0.02711522,9.814e-05,0.00011235,0.00012788,0.0001741,0.00040038,0.0002634,0.00015193,0.00015463,0.0001759,0.00054538,0.4991903300513155
3,587731511533437023,01:27:47.15,-00:50:28.3,26,0.038,0.923,0.0,0.038,0.0,0.0,0.962,0.009000000000000001,0.991,1,0,0,21.94645833333333,-0.8411944444444445,21.94645265,-0.84118385,19.355082,17.966341,17.123934,16.714962,16.434135,2738,40,1,65,6.419672,224584008,DES0128-0041,4415,17662,4521694,72347105,1157553684,21.946386,-0.841094,21.94638623,-0.84109427,142.79367065,-62.30294418,6983.38722365,3031.10486161,10.63746548,0.01470314,8.32961559,0.01196488,-12.40202999,68.07823944,3.5,0.03045,17.68426514,17.0130043,16.68131828,16.48321152,16.37345123,19.95240974,19.07673454,18.76216125,18.5643692,18.15621185,0,0,5,0,0,4,0,0,4,0,0,4,0,0,5,6983.49990121,6983.4198027,6983.38209608,6983.35934171,6983.32829073,3031.08927988,3031.0787119,3031.09148753,3031.10378845,3031.09501734,49.77872259,38.24585419,34.02821179,31.16157818,34.39063932,68.66801387,52.90882872,47.51290761,43.41999119,46.17093864,4.0054194,3.00940989,2.9209349,2.6822983,2.65509057,0.00052425,0.00020189,0.0002853,0.00049274,0.00418785,0.00054425,0.00021125,0.0002941,0.00050064,0.00421344,4.85e-06,2.27e-06,2.56e-06,2.21e-06,7.58e-06,8.33560181,7.31453657,6.93674469,6.63183355,6.83679008,6.99746275,6.13614178,5.78123665,5.53175831,5.81548595,78.5092392,78.84147644,78.28833008,78.18228912,77.867836,0.02335301,0.01455236,0.0171693,0.02238781,0.06492701,0.0228721,0.01419036,0.01687054,0.02218471,0.06469755,77.07298279,77.05456543,74.90671539,75.39250183,74.68487549,13.02674007,11.78984833,11.29818439,10.92962742,11.22254848,22.94116783,14.99873352,12.29430294,10.40468788,14.17832184,2466,2543,2367,2200,1696,0.02178995,-0.01290439,-0.11688392,-0.02096905,0.17440175,26,41,43,44,44,3.5,3.5,3.5,3.5,3.5,17.78127861,17.07816696,16.72909355,16.51963043,16.40536308,0.00234883,0.00174916,0.00228825,0.00323178,0.00894499,20.04942322,19.1418972,18.80993652,18.60078812,18.1881237,0.00359705,0.00223221,0.00240136,0.00283762,0.00740203,77177.171875,147480.015625,203405.34375,246688.078125,274065.875,166.92079163,237.53759766,428.58349609,734.10906982,2257.38256836,9555.00292969,22041.50390625,29924.40820312,36281.4609375,53057.95703125,31.65686798,45.31764984,66.18710327,94.82627869,361.73577881,0.02858261,0.02862418,0.02862279,0.02861351,0.02445891,0.0241983,0.02216833,0.02246526,0.02222594,0.02244281,0.02376607,0.02256001,0.0220368,0.02236459,0.02261701,0.00015622,9.66e-05,0.00011119,0.00013503,0.00037546,0.00017582,0.00011456,0.0001201,0.00014507,0.00037754,0.40272219739145476
4,587731512071356670,01:37:31.44,-00:31:10.2,55,0.036000000000000004,0.036000000000000004,0.8,0.127,0.0,0.0,0.964,0.006999999999999999,0.993,1,0,0,24.381,-0.5195,24.38099797,-0.51949206,19.596186,18.30681,17.721018,17.37377,17.232279000000002,2738,40,2,81,6.902038,232975204,DES0136-0041,4458,17832,4565086,73041385,1168662173,24.380971,-0.519499,24.38097098,-0.51949888,147.40991211,-61.18175125,2976.31521223,7433.19601168,12.14578819,0.03695836,8.0556879,0.02232832,24.1329422,-68.84654999,3.5,0.03003,18.05659485,17.58249092,17.33625603,17.22052193,17.11174774,20.49848175,20.11878014,19.87146187,19.7834816,19.27124596,2,0,3,2,0,3,2,0,3,2,0,3,2,0,3,2976.27105365,2976.31710104,2976.35966282,2976.46653221,2976.05623524,7432.79752976,7433.1462811,7433.12566081,7433.16873945,7433.46433235,57.30059999,46.97931011,43.01296074,40.19637421,43.19226371,68.67993787,55.89863144,51.53182846,48.41970892,53.54005943,-5.61931794,-4.82825077,-4.08662542,-4.53664606,-4.19869212,0.00191074,0.00108227,0.00169299,0.00346034,0.03344014,0.00193473,0.00109672,0.00170424,0.00347132,0.03350531,-5.28e-06,-5.28e-06,-3.62e-06,-5.14e-06,-2.549e-05,8.42538357,7.61654043,7.29213381,7.1014576,7.4181776,7.41575718,6.69822788,6.43191862,6.17943192,6.45778322,-67.6782074,-66.3637085,-68.09307861,-66.09336853,-70.47008514,0.04399818,0.03314278,0.04129538,0.05893513,0.18306854,0.04369934,0.03287167,0.04113295,0.0588074,0.18284243,-78.12863159,-71.9019928,-73.61371613,-68.43331146,-70.98323059,13.53560352,12.49253941,12.05833912,11.71841431,12.22081566,26.39535141,20.21630859,19.31804466,18.12110519,46.68108368,2444,2435,2195,1861,1092,-0.02616781,-0.0908704,-0.05215412,-0.20551671,0.03231057,29,44,25,29,21,3.5,3.5,3.5,3.5,3.5,18.15227127,17.64675522,17.38337326,17.2564373,17.14321899,0.00418107,0.00371313,0.00503693,0.00767454,0.02194705,20.59415817,20.18304443,19.9185791,19.81939697,19.30271721,0.00690788,0.00536267,0.00613867,0.00869554,0.02420783,54839.27734375,87357.046875,111339.8828125,125148.390625,138903.140625,211.12989807,298.681427,516.40057373,884.39831543,2807.10302734,5785.44433594,8448.54882812,10778.75097656,11809.76660156,19006.9765625,36.81051636,41.73047638,60.94427109,94.58620453,423.79818726,0.02731542,0.0283883,0.02769783,0.00684844,0.00032532,0.03043125,0.02891527,0.02714022,0.02887003,0.03682015,0.03091433,0.0279586,0.027175,0.02868467,0.03138453,0.00033422,0.00026154,0.00029068,0.00043332,0.00151551,0.00037428,0.00027127,0.00030004,0.00046138,0.00132318,0.10025109361425519
5,587731511534551162,01:37:58.33,-00:53:20.6,29,0.069,0.069,0.0,0.862,0.0,0.0,0.931,0.014,0.986,1,0,0,24.493041666666667,-0.8890555555555555,24.49304346,-0.88904406,19.91884,18.161209,17.172882,16.664101000000002,16.266185999999998,2738,40,1,82,7.185227,232992743,DES0136-0041,4456,17826,4563686,73018983,1168303736,24.493022,-0.889051,24.49302165,-0.88905115,147.91351318,-61.48301315,1442.85680235,2374.5666603,18.05104256,0.04164247,4.55766344,0.01103276,22.92203522,-66.89826202,3.5,0.03488,18.10773277,17.26729012,16.87650108,16.5681839,16.4203186,20.00102425,19.15731812,18.78022003,18.26962662,17.92979622,0,0,2,0,0,2,0,0,2,0,0,2,0,0,3,1442.66905402,1442.83808683,1442.83093248,1442.79102594,1442.7470024,2375.27647595,2374.79992199,2374.47962987,2374.27653265,2374.11311296,30.83661244,22.2721311,18.79632786,16.31843975,19.44601543,58.57934541,40.49869512,32.62619558,27.93655309,30.88954166,-12.7692374,-8.21165673,-6.33612396,-5.20342296,-5.2390712,0.00283378,0.00060489,0.00063988,0.00071594,0.0045333,0.00296542,0.0006401,0.0006488,0.00072115,0.004585,-4.484e-05,-1.239e-05,-7.07e-06,-5.27e-06,-2.187e-05,7.97256804,6.60700941,5.92369032,5.47048998,5.73809814,5.08469391,4.37244225,4.04133797,3.78533101,4.17250347,-68.68449402,-68.98954773,-68.75054932,-69.07391357,-68.76078033,0.05458243,0.02537764,0.0255479,0.02691516,0.06777176,0.05310327,0.0245146,0.02521878,0.02669587,0.06727028,-72.86558533,-72.43310547,-61.12697601,-58.15335846,-69.88816833,12.93140888,11.21925926,10.3036356,9.6509428,9.96248913,21.24047661,10.50488949,8.99130535,8.41788769,9.9926281,2068,2244,2061,1921,1388,-0.01886551,-0.00155855,-0.05840511,-0.05065547,0.57381052,31,27,55,58,52,3.5,3.5,3.5,3.5,3.5,18.21886063,17.3419342,16.93122864,16.60989952,16.45687294,0.00515076,0.00311432,0.00375453,0.0045453,0.0108989,20.1121521,19.2319622,18.83494759,18.31134224,17.96635056,0.00595775,0.00331736,0.00310404,0.00320143,0.00714188,51577.00390625,115671.4921875,168852.921875,227007.5,261367.0,244.62319946,331.71112061,583.76074219,950.10839844,2623.03100586,9018.60058594,20286.87695312,29242.94140625,47365.6171875,65081.84765625,49.4893074,61.98659897,83.60626221,139.66799927,428.11721802,0.02848067,0.02863367,0.02862827,0.02862769,0.02816959,0.02305964,0.0213882,0.02025158,0.02013241,0.02385579,0.02460637,0.02265785,0.02152116,0.02096537,0.01992197,0.00026069,0.00014089,0.00013943,0.00014319,0.00041167,0.00031028,0.00016834,0.00015417,0.0001646,0.00035295,0.0811865313089918
6,587727231061000327,01:56:37.98,-08:43:12.9,42,0.024,0.071,0.8809999999999999,0.024,0.0,0.0,0.976,0.01,0.99,1,0,0,29.15825,-8.72025,29.15823325,-8.72025475,17.258865,15.420785,14.600134,14.201414000000002,13.890815,1741,40,4,55,10.538371,260927685,DES0156-0833,4374,17499,4479935,71678971,1146863537,29.15821,-8.720198,29.15820955,-8.72019787,165.91343689,-65.99047089,3699.7671122,2670.62298074,17.70703697,0.00837953,15.12704563,0.00738753,71.10832977,-24.150774,3.5,0.02505,15.33836746,14.62155628,14.30489254,14.03850269,13.93317795,17.20709038,16.66374016,16.4010601,15.80386353,16.10315132,0,0,4,0,0,2,0,0,2,0,0,3,0,0,1,3699.69247334,3699.74960035,3699.74117188,3699.84193509,3699.67357799,2670.59315863,2670.61642851,2670.62605303,2670.60682188,2670.57007639,102.61050487,74.34586577,64.81438704,66.88700759,65.03485022,96.10826778,72.94397166,64.5910515,66.68047522,66.34589154,-7.84258427,-7.26925242,-6.93926341,-6.64499242,-6.69402905,4.817e-05,2.748e-05,2.659e-05,3.129e-05,0.00062665,4.841e-05,2.806e-05,2.702e-05,3.133e-05,0.00061316,-1.81e-06,-1.6e-06,-1.14e-06,-8.3e-07,-1.058e-05,10.3850441,8.99710464,8.46421146,8.56910324,8.50978374,9.53255653,8.14505672,7.60016823,7.75486612,7.67882299,-33.74185181,-42.24610519,-44.53903198,-44.55483627,-47.79646301,0.00707813,0.00542178,0.00528802,0.00566946,0.0251486,0.00681752,0.00511342,0.00506463,0.00552029,0.02464447,-46.91109467,-50.12393951,-50.31653214,-45.64675903,-28.7443924,18.47840881,16.63176155,15.85766888,15.8777256,15.9377737,10.78556156,7.06441116,5.93060398,8.90911865,6.72497034,11485,11733,11106,10983,6764,0.00644519,-0.06641984,-0.06629962,-0.15633401,-0.46876085,25,84,63,83,91,3.5,3.5,3.5,3.5,3.5,15.41817665,14.67516327,14.34419632,14.06846237,13.95943069,0.00055958,0.00049419,0.00056471,0.000611,0.00288774,17.28689957,16.7173481,16.44036293,15.8338232,16.12940407,0.00087886,0.00080439,0.00074354,0.00059142,0.00284976,680345.0,1348759.75,1829453.125,2358387.25,2607521.25,350.56240845,613.76348877,951.30487061,1326.85388184,6933.54638672,121685.9296875,205617.828125,265371.84375,463949.3125,353377.0,98.50298309,152.34034729,181.73985291,252.73080444,927.54901123,0.02862853,0.02863433,0.02864396,0.02863931,0.02863559,0.02220044,0.01766646,0.01891262,0.02525306,0.02038801,0.019332,0.01934725,0.02027808,0.01879799,0.02181156,4.029e-05,3.377e-05,3.265e-05,3.535e-05,0.00010277,4.746e-05,4.168e-05,4.005e-05,3.177e-05,0.00015997,0.2204158582431031
7,587727231061065770,01:57:13.59,-08:53:09.1,34,0.029,0.0,0.0,0.971,0.0,0.0,0.971,0.005,0.995,1,0,0,29.306625000000004,-8.885861111111113,29.30663734,-8.88586512,20.177332,18.02244,17.098426999999994,16.585048999999998,16.22366,1741,40,4,56,7.131106,260938327,DES0156-0833,4374,17499,4479902,71678447,1146855161,29.306642,-8.885811,29.30664179,-8.88581076,166.44869995,-66.03028107,1692.89277776,402.7077718,15.5010376,0.02553042,4.2907052,0.00735017,-36.72397995,50.8393364,3.5,0.02449,17.8139286,16.98312569,16.55337906,16.25574684,16.07303047,19.62127304,19.02907372,18.5615921,18.16891861,17.83693886,2,0,5,2,0,2,2,0,2,2,0,2,2,0,1,1693.08523302,1692.91177018,1692.81271949,1692.76058141,1692.70076748,402.92647067,402.67857432,402.68846475,402.69624524,402.69543977,40.3615744,29.70788222,26.60541781,24.78835398,25.71795833,58.72450709,44.8701745,40.04286824,37.6963058,37.52999485,25.95904396,20.38024487,18.41068818,16.53947826,15.54225324,0.00064643,0.00035336,0.00039697,0.00047143,0.01423521,0.00066707,0.00037359,0.00041212,0.00052022,0.01437891,2.808e-05,2.634e-05,2.009e-05,1.698e-05,0.00015247,8.77940464,7.6833353,7.27478361,6.99974537,6.94626093,4.69128227,3.94264078,3.70483589,3.67263222,3.87264919,54.73910141,55.20222473,55.02442551,55.65827179,55.40333557,0.02620425,0.01979114,0.02064012,0.02292488,0.12031463,0.02503661,0.0183101,0.01957239,0.02158948,0.11890547,55.09161377,55.49986267,55.33544159,72.58328247,57.61544418,12.71998215,11.34413719,10.82034874,10.47914219,10.568326,37.10187531,30.92674255,28.66392899,26.4949894,29.95583534,2231,2143,1996,1898,1055,0.0224038,-0.00529393,-0.10025134,-0.1095709,-0.2049972,47,14,36,37,26,3.5,3.5,3.5,3.5,3.5,17.89195442,17.03553391,16.5918045,16.28503609,16.09869576,0.00233942,0.00213126,0.0024849,0.00286987,0.01504539,19.69929886,19.08148193,18.60001755,18.19820786,17.86260414,0.00306874,0.00317349,0.00297941,0.00317315,0.01341772,69697.6171875,153386.28125,230822.40625,306186.09375,363514.53125,150.13987732,301.0189209,528.14880371,809.13012695,5036.11132812,13191.07714844,23302.7578125,36307.203125,52567.45703125,71607.5,37.28462982,68.11379242,99.63523865,153.63790894,884.96759033,0.02861726,0.02862912,0.02863318,0.02862917,0.02802115,0.03422779,0.02633559,0.03294162,0.03034459,0.03168897,0.02806077,0.02923272,0.02746689,0.02795695,0.02273971,0.00018569,0.00013478,0.00017484,0.00017832,0.00086096,0.00017687,0.00017256,0.00015605,0.0001722,0.00061261,0.19553574465076456
8,587731513149620405,02:18:59.65,+00:19:48.0,24,0.0,0.0,0.958,0.042,0.0,0.0,1.0,0.0,1.0,1,0,0,34.74854166666666,0.33,34.74853748,0.33000566,17.309351,15.714147,14.922972,14.498091,14.132272,2738,40,4,150,10.876809,104751592,DES0219+0001,4442,17770,4549335,72789365,1164629842,34.748535,0.330077,34.74853454,0.33007683,163.97372437,-55.40501022,7530.13369911,9290.58670882,21.73821259,0.00891295,10.31516933,0.00479393,-84.92449951,7.09977293,3.5,0.03889,15.24724483,14.56946659,14.27150917,14.00188732,13.8366518,18.27667427,17.53353882,17.16327858,16.5745697,16.35922241,2,0,5,2,0,2,2,0,2,2,0,2,2,0,3,7530.50510446,7530.54176837,7530.22890524,7530.35225535,7530.43217296,9292.04030064,9291.35657181,9291.01525535,9291.00304527,9291.05728448,218.5429525,181.62379969,161.30074798,149.83921054,149.260221,86.63255336,73.02245084,65.19133828,61.49941801,62.99518532,15.3925141,13.33815482,10.69907524,9.95617095,9.89061363,5.965e-05,3.705e-05,3.788e-05,6.072e-05,0.0003189,4.706e-05,3.232e-05,3.914e-05,6.362e-05,0.00031721,1.63e-06,9.3e-07,6e-07,5.3e-07,1.28e-06,14.84302139,13.53654194,12.74666119,12.2860651,12.26293945,9.21196079,8.45034218,8.00091934,7.7711792,7.86611176,6.56823349,6.90031338,6.27590799,6.35126829,6.45754004,0.00773668,0.00610179,0.00627527,0.00798239,0.01787697,0.00684503,0.00566981,0.00613508,0.0077863,0.01779107,7.27270889,10.75291348,68.2399826,79.91348267,28.33519936,21.233078,19.81388092,18.99481201,18.45138931,18.50818825,61.53290939,43.42746735,31.56176376,26.76471519,25.08778381,9422,9532,9183,8210,6686,-0.02277448,-0.12450414,-0.15663184,-0.18569507,-0.03691503,64,48,52,57,46,3.5,3.5,3.5,3.5,3.5,15.37114811,14.65269089,14.33252716,14.04839993,13.87740898,0.00041591,0.00038997,0.00044929,0.00062385,0.0014117,18.40057755,17.61676407,17.22429657,16.62108231,16.39997864,0.00134227,0.00130895,0.00117284,0.00108096,0.0025086,710461.625,1376967.125,1849222.0,2402371.5,2812136.0,272.09085083,494.45178223,765.03845215,1380.04309082,3655.52587891,43628.37890625,89803.7109375,128908.4765625,224681.46875,275428.34375,53.9383812,108.26976776,139.25524902,223.69978333,636.40032959,0.02862681,0.02862673,0.02862673,0.0286267,0.02862078,0.03229467,0.02761174,0.02684716,0.02824946,0.033762,0.03052092,0.02833849,0.0270464,0.02775205,0.02798806,5.921e-05,4.169e-05,3.592e-05,4.095e-05,0.00010864,7.534e-05,7.371e-05,6.37e-05,6.142e-05,0.00013801,0.2569791305061136
9,587731514225328140,02:36:37.80,+01:06:23.7,34,0.0,0.971,0.029,0.0,0.0,0.0,1.0,0.0,1.0,1,0,0,39.1575,1.1065833333333333,39.1574822,1.10657647,16.960838,15.278486,14.535817000000002,14.141734,13.866231,2738,40,6,180,13.483958,311243859,DES0237+0126,4444,17778,4551250,72820003,1165120049,39.15749,1.106619,39.15748972,1.10661876,169.05645752,-52.08476639,6350.76957291,376.24507805,23.9539814,0.01234696,18.70150948,0.01004738,-31.4097023,65.57820892,3.5,0.03062,15.19034576,14.60244274,14.36330318,14.13905621,13.88564491,98.90244293,98.93447113,17.21721077,17.16685486,16.75744629,3,0,0,3,0,0,3,0,1,3,1,1,3,0,1,6350.33142292,6350.67271523,6350.88269728,6350.94908863,6351.65143484,376.51686843,376.32222225,376.1863001,376.13222883,375.65931747,237.73382922,185.26262416,160.19521435,152.85646818,189.96535162,230.34251153,177.33353809,152.61923383,145.84883722,188.90214291,33.18979616,28.24557674,26.52280209,25.80689623,24.69035484,0.00018865,7.587e-05,9.446e-05,0.00018923,0.001929,0.00018207,7.311e-05,9.249e-05,0.00018487,0.0019088,6.3e-06,3.36e-06,2.56e-06,2.79e-06,-9.78e-06,16.35338211,14.48518276,13.53510857,13.24372768,14.63317585,14.16485977,12.3602438,11.38487053,11.10445786,12.8350172,41.82316589,41.00508499,40.93598938,41.13409805,44.38328171,0.01387316,0.00883893,0.0098093,0.0138057,0.04396548,0.01335128,0.00841739,0.00952516,0.01354638,0.04364451,31.21432877,33.83651352,34.48925781,25.99706078,-22.04458809,26.85927963,24.42357063,23.03090477,22.70456696,25.43411064,30.83480453,12.1069994,11.98282814,11.48063278,11.32979202,15858,16778,14961,14016,11423,0.08270056,0.07620955,-0.00365347,-0.18357202,0.38249022,34,19,66,60,77,3.5,3.5,3.5,3.5,3.5,15.28790092,14.6679697,14.41134644,14.1756773,13.9177351,0.00070542,0.00052923,0.00069187,0.00100371,0.00258969,99.0,99.0,17.26525307,17.20347595,16.78953552,99.0,99.0,0.00168081,0.00123411,0.00429482,767078.0,1357725.625,1719734.25,2136628.25,2709604.5,498.26168823,661.65112305,1095.6159668,1974.72888184,6461.36572266,-99.0,-99.0,124136.296875,131404.25,192391.5,-99.0,-99.0,192.17970276,149.36636353,761.06359863,0.02862754,0.02862717,0.02862773,0.02862841,0.02861102,0.02455814,0.02529415,0.02469794,0.02715264,0.02821699,-99.0,-99.0,0.02608841,0.02692397,0.02610477,6.561e-05,4.665e-05,4.132e-05,5.408e-05,0.00014124,-99.0,-99.0,9.129e-05,0.00010537,0.00023229,0.15566069503594168
10,587727177931292925,02:53:33.35,-09:01:51.8,49,0.041,0.0,0.0,0.959,0.0,0.0,0.959,0.009000000000000001,0.991,1,0,0,43.38895833333334,-9.031055555555557,43.38897391,-9.03105451,19.688469,18.332937,17.787563000000006,17.504845,17.198082,1729,40,1,368,10.800318,325997613,DES0252-0915,9189,36759,9410451,150567226,2409075617,43.388933,-9.031072,43.38893274,-9.03107161,186.60882568,-55.96336365,123.24180352,8184.96120137,25.96414185,0.06533974,3.55325246,0.00923595,-16.33255768,73.78936768,3.5,0.06021,18.06597137,17.5735321,17.35190582,17.18649673,17.1275959,20.48465729,98.87114716,98.90553284,98.92798615,98.93689728,18,0,2,18,0,0,18,0,0,18,0,0,18,0,0,123.1934751,123.22374273,123.2562041,123.24925821,122.97225395,8184.31498734,8184.67400723,8185.02326246,8185.09618265,8184.95654061,33.34672351,26.37487951,25.30755609,25.44479272,23.64475323,199.77887687,165.58383912,152.01032677,141.2006931,137.28351974,51.46119877,43.33988181,38.57116247,36.18991632,34.42564248,0.00827663,0.00587626,0.00598057,0.01292487,0.1139702,0.00864798,0.00608203,0.00610295,0.013036,0.11449792,0.0001167,6.904e-05,3.797e-05,3.542e-05,0.00022496,14.64258766,13.34069157,12.76042938,12.31193542,12.12018204,4.32668686,3.73960829,3.80648398,3.8809433,3.74559116,74.13358307,74.045578,74.33253479,73.99154663,74.39461517,0.09317514,0.078122,0.07819065,0.11422053,0.33849788,0.09079101,0.07651956,0.07726414,0.11364215,0.33747196,73.92521667,73.06958008,74.08834076,73.74329376,69.77465057,20.19405746,18.74826813,18.08013153,17.55527878,17.3464756,57.66062927,57.66062927,54.69060898,52.72509384,57.66062927,2282,2223,2170,1915,1178,0.06117082,-0.10495173,-0.07908538,-0.09580239,0.27769026,30,24,30,57,31,3.5,3.5,3.5,3.5,3.5,18.25780106,17.70238113,17.44637489,17.25850868,17.19069672,0.00397462,0.00377142,0.0041615,0.00644215,0.01899575,20.67648697,99.0,99.0,99.0,99.0,0.0098281,99.0,99.0,99.0,99.0,49759.9375,82994.1640625,105063.1171875,124909.859375,132960.09375,182.11503601,288.21868896,402.59707642,740.96533203,2325.66870117,5362.96728516,-99.0,-99.0,-99.0,-99.0,48.54727554,-99.0,-99.0,-99.0,-99.0,0.02490004,0.0278988,0.02674587,0.00101566,0.00033488,0.02770817,0.03017437,0.03073348,0.03122595,0.03190587,0.02687321,-99.0,-99.0,-99.0,-99.0,0.00032884,0.00032199,0.00031814,0.00048113,0.00146997,0.00048664,-99.0,-99.0,-99.0,-99.0,0.15849368459019628
11,587731187267666226,22:28:53.57,+00:46:13.7,33,0.03,0.061,0.0,0.909,0.0,0.0,0.97,0.009000000000000001,0.991,1,0,0,337.22320833333333,0.7704722222222222,337.22320044,0.7704806,19.657299,17.870188,16.806749,16.245962,15.778556,2662,40,5,130,9.644804,84089629,DES2228+0043,4800,19200,4915383,78646130,1258338094,337.22315,0.770562,337.22314991,0.77056165,66.22096252,-45.81751251,3498.10715523,5548.12529346,15.4781971,0.01926087,7.26148129,0.01138394,60.71205902,-28.36424255,3.5,0.06352,17.72801018,16.8258667,16.37309265,16.03352928,15.86879253,19.44756126,18.76693726,18.20522499,17.88414764,17.27735901,2,0,4,2,0,4,2,0,4,2,0,3,2,0,6,3498.07107917,3498.02391677,3498.08491052,3498.19007219,3498.11771455,5548.23021642,5548.12773813,5548.19661057,5548.17786638,5548.15500738,68.88412986,46.15814458,38.81844919,33.61080348,40.34001835,48.23420449,31.46355544,26.28789159,22.74226475,29.01727832,-18.39148493,-13.29612306,-11.44556501,-10.14909197,-10.4660917,0.0007682,0.00016102,0.00011929,0.0001606,0.00141696,0.00074589,0.00015518,0.00011677,0.00015879,0.00140375,-1.987e-05,-5.78e-06,-3.24e-06,-1.69e-06,-1.199e-05,8.92472267,7.34860229,6.75287628,6.29991531,6.82479429,6.12108326,4.86001492,4.41644669,4.08217287,4.77278566,-30.34509277,-30.53771591,-30.65189743,-30.91672516,-30.79496956,0.02792549,0.01282847,0.01102295,0.01271271,0.03773661,0.02709724,0.01231358,0.01070302,0.01256132,0.03737199,-30.34951591,-31.5845108,-34.34487152,-30.88376236,-30.57727623,14.21229076,12.19901943,11.32630253,10.65767002,11.32252407,19.89903831,10.15980911,9.81627464,9.3169632,14.53451252,3878,4201,4044,3556,2482,-0.00683561,-0.08077565,-0.16055211,-0.18693849,-0.06337159,44,58,43,82,45,3.5,3.5,3.5,3.5,3.5,17.93038559,16.96179962,16.47275543,16.10949898,15.93536186,0.00262881,0.0016029,0.00162457,0.00215819,0.00555758,19.64993668,18.90287018,18.30488777,17.96011734,17.34392738,0.00332526,0.00184528,0.00153031,0.00193167,0.00355548,67273.75,164164.984375,257571.703125,359915.25,422527.84375,162.84545898,242.30145264,385.30606079,715.25396729,2162.27807617,13804.64160156,27469.56835938,47648.01171875,65456.5703125,115459.3046875,42.28051376,46.68777466,67.16047668,116.46005249,378.1088562,0.02859205,0.02863714,0.02863514,0.02864384,0.02842556,0.02075438,0.02004176,0.02018859,0.0200949,0.01958175,0.02004029,0.02093161,0.02014831,0.02005387,0.01874189,0.0001185,6.388e-05,5.557e-05,6.204e-05,0.00016494,0.00015832,9.117e-05,7.578e-05,9.172e-05,0.00017134,0.3447306599157147
12,587734305953218770,22:28:54.82,+00:52:26.8,28,0.0,0.929,0.036000000000000004,0.036000000000000004,0.0,0.0,1.0,0.0,1.0,1,0,0,337.2284166666667,0.8741111111111112,337.22841418,0.87412452,18.169882,16.669348,15.925857999999998,15.508844,15.241935,3388,40,6,167,13.147746,84082845,DES2228+0043,4800,19200,4915432,78646926,1258350820,337.228297,0.874136,337.22829693,0.87413646,66.3363266,-45.75207901,3427.69593341,6965.8880269,23.55802536,0.01674836,11.83409977,0.00917244,44.44194031,-48.03474426,3.5,0.06495,16.3155899,15.72622108,15.42421055,15.22086334,15.08667183,19.32703209,19.24666405,18.70700264,18.42322731,17.67141342,2,0,4,2,0,3,2,0,3,2,0,3,2,0,5,3428.10916064,3427.64988183,3427.7438176,3427.60305445,3427.47535273,6965.9990454,6965.99401536,6965.91050133,6965.88255974,6966.02398883,183.26687865,146.67330777,131.50616895,120.50502779,126.10505656,189.89919345,153.28378944,137.5873887,127.32773454,133.77364168,-64.49678334,-51.05681203,-45.11010212,-40.54893255,-40.44782462,0.0005714,0.00026759,0.00029138,0.00048563,0.00421346,0.00057239,0.00026899,0.00029262,0.00048647,0.00422044,-2.145e-05,-8.81e-06,-5.78e-06,-5.98e-06,-2.44e-05,15.84818649,14.18246174,13.40743256,12.82998657,13.06018734,11.0454092,9.94056702,9.45168304,9.12273026,9.45040703,-46.47166061,-46.85198212,-46.92807007,-47.40446472,-47.7076149,0.02435894,0.0166472,0.01725734,0.02218226,0.06512752,0.0234614,0.01610769,0.01691699,0.02191018,0.06474799,-45.66340256,-47.27222443,-48.04198074,-47.00728607,-49.06974411,23.52670288,21.59532547,20.67433929,20.0131588,20.33992767,61.13538361,35.41852951,27.56137657,21.45721626,34.30644226,7558,7671,7423,7013,5257,0.02745951,0.00499355,-0.05619733,-0.0852537,-0.20438623,29,42,33,36,34,3.5,3.5,3.5,3.5,3.5,16.52252007,15.86521435,15.52611732,15.29854393,15.15473938,0.00129262,0.00103965,0.0011956,0.00165211,0.00473761,19.53396225,19.38565636,18.80890846,18.5009079,17.73948097,0.00325561,0.00234159,0.00232301,0.00255052,0.00545843,246032.375,450727.8125,615960.9375,759595.6875,867170.125,292.84237671,431.49267578,678.12451172,1155.55444336,3782.97705078,15360.84765625,17609.11523438,29952.74414062,39777.45703125,80206.15625,46.06147385,37.9786377,64.08821106,93.4447937,403.24212646,0.02858566,0.02862419,0.0286226,0.0285983,0.00077212,0.02960904,0.02507037,0.02574482,0.02541803,0.02824895,0.03046733,0.02498536,0.0246662,0.02453064,0.02771403,0.00013786,9.722e-05,9.275e-05,0.00010732,0.00027493,0.00017111,0.00013036,0.0001136,0.00013127,0.00028203,0.42381873614025833
13,587734303808356505,22:52:46.00,-00:43:58.9,31,0.0,0.0,0.935,0.065,0.0,0.0,1.0,0.0,1.0,1,0,0,343.19166666666666,-0.7330277777777778,343.19165574,-0.73302651,19.337473000000006,17.764977,16.982666000000002,16.574257,16.283159,3388,40,2,207,9.148693,105705344,DES2254-0041,4707,18831,4820790,77132647,1234122364,343.191625,-0.733054,343.19162477,-0.73305391,70.79562378,-51.17728424,9747.013096,4509.84137305,18.46178818,0.02293868,8.98057175,0.01121171,70.97072601,-17.49750328,3.5,0.08741,17.25515938,16.61323547,16.33407784,16.10936356,15.99603462,19.69124603,19.41460228,19.02815247,18.99094772,18.32402039,2,0,4,2,0,2,2,0,2,2,0,3,2,0,3,9747.44285328,9747.2350506,9747.25651271,9747.03364447,9747.1453886,4508.96175868,4509.46425269,4509.50690524,4509.70351075,4509.60848302,125.76069793,105.21663757,96.93044297,92.18831985,97.08037545,74.58420781,62.6842008,58.39172643,55.39274716,59.55094657,-19.17559102,-15.79187653,-14.32193425,-13.23536282,-13.85068959,0.00111972,0.00050649,0.00063106,0.00104283,0.01010345,0.0010913,0.00049948,0.00056791,0.00103836,0.01001034,-1.357e-05,-6.47e-06,-5.35e-06,-4.59e-06,-2.148e-05,11.49558163,10.50898743,10.08315182,9.82112312,10.08159351,8.25811768,7.58037043,7.32476711,7.15028763,7.41571283,-18.42377281,-18.29842758,-18.31077194,-17.86561584,-18.21596527,0.03354337,0.02259076,0.0251298,0.03233727,0.10053937,0.03295244,0.0222628,0.0238214,0.03217904,0.10002812,-21.8441925,-30.764328,-4.8092823,-32.02921677,-12.384902,17.59431267,16.46526909,15.95626259,15.67936516,15.95090675,38.48091125,25.79269218,22.96348763,22.04939651,30.57213783,4101,4213,4073,3756,2698,0.06175812,0.02257536,0.00513318,-0.04124063,-0.02407794,54,53,49,46,25,3.5,3.5,3.5,3.5,3.5,17.53364754,16.80029297,16.47122383,16.21390533,16.08764076,0.00249623,0.00189507,0.00223272,0.00311818,0.00922606,19.96973419,19.60165977,19.16529846,19.0954895,18.41562653,0.00441761,0.00441087,0.00428296,0.0045008,0.01189099,96948.5078125,190494.515625,257935.28125,326917.15625,367234.75,222.84135437,332.41293335,530.29321289,938.66204834,3119.82421875,10282.68261719,14432.31835938,21571.50390625,23004.03515625,43027.8359375,41.83929443,58.63410187,85.09703827,95.36392212,471.25686646,0.02824345,0.02860919,0.02860853,0.02854725,0.00063575,0.03262932,0.03236787,0.03093604,0.03012056,0.03407891,0.03068298,0.02920276,0.02844439,0.02994138,0.0289583,0.00019852,0.00015177,0.00015644,0.00019352,0.00060417,0.00023919,0.00022622,0.00021349,0.00023005,0.00064983,0.14845332506325185
14,587734304882098403,22:52:52.21,+00:05:13.6,24,0.042,0.0,0.958,0.0,0.0,0.0,0.958,0.006,0.994,1,0,0,343.2175416666667,0.08711111111111111,343.21754486,0.08711617,19.563963,18.169868,17.521944,17.121357,16.895384,3388,40,4,207,7.9518559999999985,104792949,DES2254+0001,4716,18864,4829188,77267008,1236272135,343.217546,0.087125,343.21754554,0.08712541,71.73283386,-50.6081543,9323.1490894,5964.96825902,10.93621635,0.02477886,7.74565744,0.01927928,-50.81358337,43.40937805,3.5,0.0819,17.65839958,17.20646858,16.94116974,16.78333473,16.70808792,19.56729889,19.60836029,19.16652489,18.88106918,18.65818596,0,0,3,0,0,2,0,0,2,0,0,2,0,0,2,9323.66154758,9323.57244791,9323.50156899,9323.59360695,9323.55737362,5965.17042868,5965.08346275,5965.09415287,5965.09910174,5965.1366462,51.77958679,30.26606587,26.7890646,24.84917652,26.00955388,49.31719435,30.13486392,26.71938164,24.99057998,26.74740347,8.91994399,5.61651563,4.88043169,4.40416929,4.24858428,0.00101243,0.00035264,0.00054753,0.00095023,0.0147296,0.00101045,0.00037965,0.00055514,0.00095051,0.01472295,1.736e-05,7.56e-06,7.25e-06,6.78e-06,4.649e-05,7.71705294,5.98476076,5.62448025,5.41522074,5.5356164,6.44545412,4.95818186,4.676929,4.52936459,4.70254278,41.07063675,44.66540909,44.79548645,45.45985413,47.48140717,0.03207533,0.01953517,0.0236542,0.03093789,0.12154376,0.03152866,0.01872602,0.02330539,0.03071786,0.12115967,43.36884308,75.37932587,58.83878326,45.57976913,42.95315933,12.49000168,10.13058186,9.57221127,9.24400234,9.42742538,19.34918594,13.63274288,13.22905064,12.56451035,28.65491676,2582,2492,2302,1910,962,0.00204752,-0.0895448,-0.06960902,-0.040117,-0.35813043,30,31,45,38,32,3.5,3.5,3.5,3.5,3.5,17.9193325,17.38173485,17.06967163,16.88128662,16.79391861,0.0032991,0.00287162,0.00385009,0.00576658,0.02204306,19.82823181,19.78362656,19.29502678,18.97902107,18.74401665,0.00451924,0.00415927,0.00421079,0.00547472,0.01793777,67962.15625,111507.9609375,148638.59375,176801.34375,191616.375,206.45825195,294.85113525,526.95458984,938.80255127,3889.32885742,11714.06054688,12205.32324219,19142.078125,25608.93164062,31797.51953125,48.75995255,46.75809097,74.24085999,129.13487244,525.35369873,0.02861048,0.0286262,0.02862691,0.02861781,0.02319161,0.03227559,0.02864211,0.02956341,0.03105635,0.03010892,0.03007717,0.02906079,0.02870947,0.0293756,0.032772,0.00022438,0.00017004,0.00020262,0.00026945,0.00089604,0.00024824,0.00020714,0.00020605,0.00028621,0.00101331,0.03205182869327536
15,587731187807420602,22:54:59.61,+01:10:22.3,29,0.103,0.7929999999999999,0.0,0.103,0.0,0.0,0.897,0.014,0.986,1,0,0,343.748375,1.1728611111111111,343.74839305,1.1728567,19.270689,18.066729,17.471037,17.080935999999998,16.819204,2662,40,6,174,5.560063,104657953,DES2254+0126,4716,18865,4829588,77273421,1236374745,343.74842,1.172934,343.74841954,1.17293359,73.50615692,-50.18056488,2355.0620683,1284.07120792,10.14798355,0.01589306,5.54190731,0.00956822,23.53485107,-62.94538498,3.5,0.07967,17.67200851,17.2318306,16.93856049,16.82172775,16.74700546,19.17612267,18.78726768,18.57991409,18.34607697,18.0253315,0,0,4,0,0,3,0,0,3,0,0,2,0,0,4,2354.73638723,2355.06983566,2355.04461359,2355.00742916,2354.99560546,1284.4476702,1284.10293627,1284.11790108,1284.03528089,1284.12654161,25.62392904,18.88804605,16.46839754,15.29374994,18.55944728,35.64479471,26.16959654,22.57915331,20.82697952,24.61006237,-5.63951632,-4.56824112,-4.37844979,-4.10983274,-4.12183795,0.00025977,0.00012311,0.00011786,0.00029415,0.0035753,0.00028076,0.00012795,0.0001213,0.00029935,0.00359599,-7.63e-06,-4.27e-06,-3.2e-06,-4.71e-06,-1.74e-05,6.17884636,5.32638741,4.98627043,4.79735804,5.16698027,4.80526638,4.08500195,3.76625276,3.62023282,4.05854988,-65.80976105,-64.2769928,-62.45409012,-61.97362137,-63.13878632,0.01682989,0.01142081,0.0110999,0.01738183,0.06004905,0.01604027,0.01098287,0.01076809,0.01706957,0.05971098,-71.98427582,-59.80383301,-59.13522339,-59.45901489,-60.36193085,9.7608242,8.71646881,8.23878288,8.0110321,8.51510429,16.35063553,12.37154579,12.06791973,12.15243721,13.00246906,1835,1831,1758,1517,1070,0.07318575,-0.05336938,-0.07125512,-0.14953402,0.23078768,40,56,44,48,37,3.5,3.5,3.5,3.5,3.5,17.92583656,17.40232468,17.06356239,16.91701317,16.83049965,0.00222921,0.00190261,0.00211378,0.00368038,0.01123499,19.42995071,18.95776176,18.704916,18.44136238,18.10882568,0.00293496,0.00233566,0.00225974,0.00337715,0.00795527,67556.2578125,109413.375,149477.125,171078.21875,185267.734375,138.67146301,191.68577576,290.94143677,579.77313232,1916.6496582,16905.17578125,26115.32226562,32963.515625,42019.90234375,57078.12890625,45.69960022,56.18166351,68.60903168,130.70617676,418.22949219,0.02862328,0.0286284,0.02862693,0.02862647,0.02665746,0.02548161,0.02125835,0.02078292,0.02002492,0.0235691,0.02410324,0.02119741,0.02111673,0.01919034,0.02004216,0.00012089,8.762e-05,8.345e-05,0.0001204,0.00044413,0.0001486,0.00011267,0.00011299,0.0001534,0.00041551,0.29470102616120036
16,587731186734989495,23:07:03.45,+00:20:58.8,31,0.032,0.0,0.065,0.903,0.0,0.0,0.968,0.012,0.988,1,0,0,346.764375,0.3496666666666667,346.76438071,0.34965002,19.554678,17.797801999999994,16.946989000000002,16.439241,16.07723,2662,40,4,194,9.593729,113321901,DES2308+0001,4709,18838,4822750,77164002,1234624033,346.76441,0.349633,346.76440968,0.34963344,76.26152802,-52.79433441,9632.24453175,9558.35027442,20.65937233,0.01970677,4.32430696,0.00510312,88.3787384,-1.91375029,3.5,0.04631,17.57834244,16.76566887,16.38101959,16.06828308,15.92955685,19.87810326,19.35304832,18.97517776,18.58111,17.97171974,2,0,5,2,0,5,2,0,5,2,0,5,2,0,6,9631.51513166,9632.17294173,9632.27033042,9632.30047503,9632.4435249,9558.44094273,9558.41279485,9558.29906988,9558.23496829,9558.21730898,128.56515419,100.65259362,88.28495986,81.22678296,82.21019999,22.61900351,17.90391007,16.27115025,15.54692398,19.84396027,-1.73247097,-1.55816874,-1.20237925,-1.16049067,-1.28901311,0.00101343,0.00028946,0.00025515,0.00043072,0.00343173,0.00090866,0.00025343,0.00023182,0.00041034,0.00334678,-1.07e-06,-4.1e-07,-2.1e-07,-1.9e-07,-4e-07,11.33990669,10.03403854,9.39707565,9.01372719,9.06845284,4.75296545,4.22783375,4.03126287,3.94035864,4.45166588,-0.93658811,-1.07837749,-0.95628417,-1.01193213,-1.18354082,0.03183453,0.01701367,0.01597355,0.02075389,0.05858096,0.03014377,0.01591934,0.01522559,0.02025682,0.05785133,-0.58434713,-0.65207046,-0.51777345,-0.5366379,-0.27274418,16.0659256,14.56683922,13.77414989,13.29731941,13.36387157,56.74075317,48.00965881,42.52962875,39.2408638,41.18501282,2831,2958,2845,2617,1996,0.0016309,-0.04625613,-0.09024878,0.00313915,0.13147582,37,37,29,33,34,3.5,3.5,3.5,3.5,3.5,17.72588539,16.8647728,16.45368004,16.12367058,15.97808933,0.00205763,0.0013136,0.00138708,0.00196227,0.00554827,20.02564621,19.45215225,19.04783821,18.6364975,18.02025223,0.00362456,0.00232075,0.00216906,0.00257378,0.00618469,81216.8046875,179510.84375,262136.59375,355248.28125,406222.75,153.88053894,217.13179016,334.80966187,641.890625,2075.35131836,9766.55859375,16563.00390625,24036.13476562,35107.59765625,61929.734375,32.60525513,35.40439606,48.02049637,83.22676849,352.7824707,0.02861305,0.02866131,0.02864767,0.02863332,0.02720344,0.0293753,0.02945331,0.02999823,0.02388199,0.02661574,0.02979267,0.03166609,0.0314632,0.03178381,0.02851134,0.00015619,0.00010113,9.673e-05,9.347e-05,0.00027162,0.00019427,0.00012827,0.00011902,0.00014095,0.00032926,0.12195196215175447
17,587731187816136707,00:14:26.23,+01:03:50.9,50,1.0,0.0,0.0,0.0,0.0,0.0,0.0,1.0,0.0,0,1,0,3.609291666666667,1.0641388888888892,3.60929344,1.06413348,17.57563,15.68142,14.800405,14.355560999999998,14.008143,2662,40,6,307,8.971425,179676545,DES0014+0043,4523,18093,4631863,74109809,1185756955,3.609286,1.064173,3.60928634,1.06417311,103.9223175,-60.43475342,3907.42816137,9567.18773875,17.93204689,0.00916163,14.37930107,0.00751708,-27.16100311,63.75115967,3.5,0.02301,15.6523695,14.80106068,14.39594746,14.09881592,13.95650196,17.12768364,16.54728889,16.23596382,15.94919014,15.5981636,0,0,6,0,0,3,0,0,4,0,0,4,0,0,4,3907.43090748,3907.41069076,3907.4187386,3907.49293934,3907.44576924,9567.18652896,9567.18200211,9567.18374453,9567.18822478,9567.25230357,47.29778103,38.91264803,36.33581148,35.92245946,43.0110242,54.71276797,45.62040886,42.74207243,42.44389652,50.13337737,2.5227917,1.99962123,1.79235952,1.72404668,1.98905025,1.869e-05,9.29e-06,8.73e-06,1.501e-05,0.00014205,1.993e-05,1.005e-05,9.36e-06,1.572e-05,0.00014455,2.7e-07,1.4e-07,1.1e-07,1.1e-07,4.4e-07,7.44914007,6.79494429,6.57338905,6.54764271,7.11696625,6.82062006,6.19368935,5.98902655,5.95774555,6.51868057,72.88318634,74.59806061,75.38507843,76.0665741,75.40750122,0.0044709,0.00317413,0.00306168,0.00396669,0.01202584,0.00431607,0.00304456,0.00295127,0.0038723,0.01191531,78.17568207,79.74107361,80.59828949,81.28564453,80.32463837,14.15700817,13.25973034,12.96656132,12.93422604,13.77208328,10.32948303,7.83168507,7.00254726,6.80513668,8.44511223,13544,14205,13632,12298,8611,-0.0336492,-0.0712766,-0.10652524,-0.21013089,-0.21083222,69,77,79,87,78,3.5,3.5,3.5,3.5,3.5,15.7256794,14.85030174,14.43204975,14.1263361,13.98061657,0.00052633,0.00041389,0.00043642,0.00061656,0.00176634,17.20099258,16.59653091,16.27206612,15.97671032,15.62227821,0.00061278,0.00047158,0.00049149,0.00051488,0.00116925,512540.59375,1147834.125,1687252.375,2235967.0,2557132.25,248.40065002,437.45135498,678.04425049,1269.43798828,4159.08691406,131705.265625,229819.953125,309865.875,406739.0625,563752.6875,74.33589172,99.82429504,140.27513123,192.89051819,607.13702393,0.02868875,0.02872256,0.02865398,0.02873592,0.02863545,0.02050171,0.02019244,0.02025337,0.02180919,0.02454243,0.01844551,0.01954286,0.02140754,0.0227878,0.02046418,3.006e-05,2.395e-05,2.245e-05,2.603e-05,6.484e-05,3.464e-05,3.141e-05,2.615e-05,2.905e-05,6.241e-05,0.14477036023809783
18,587731511533371497,01:27:35.57,-00:59:19.3,59,0.932,0.0,0.0,0.051,0.017,0.0,0.051,0.932,0.051,0,1,0,21.89820833333333,-0.9886944444444444,21.89819427,-0.98870634,18.353378,16.766188,16.037128,15.678557,15.428534,2738,40,1,64,7.270563,224590676,DES0128-0041,4415,17662,4521671,72346749,1157547990,21.898135,-0.988663,21.89813502,-0.9886632,142.79072571,-62.45819473,7643.71385097,1011.07953922,12.79918385,0.01843568,11.67135048,0.01583257,47.77576065,-41.94274139,3.5,0.03066,16.80805397,16.11205482,15.81547546,15.62900448,15.5008173,18.39427567,17.81279373,17.64817238,17.55841446,17.0316391,2,0,5,2,0,2,2,0,3,2,0,3,2,0,4,7643.73691196,7643.72177505,7643.69776455,7643.70621076,7643.67952484,1011.02427204,1011.06423803,1011.07202565,1011.13815775,1011.15088163,33.98486054,31.27598595,28.90228309,27.37190037,34.83527533,33.86500476,31.15484339,28.80184494,27.4510921,35.05039669,-0.38762679,-0.59227148,-0.50714035,-0.54232208,-0.48843034,7.573e-05,5.245e-05,8.767e-05,0.00012534,0.00095848,7.57e-05,5.249e-05,8.765e-05,0.00012541,0.00095864,-1.9e-07,-2.9e-07,-3.1e-07,-3e-07,-4.2e-07,5.85808563,5.64010429,5.41864252,5.28727341,5.95339966,5.79074287,5.53353882,5.32376194,5.18340921,5.86879063,-40.6057663,-42.08034515,-42.17238998,-47.08792496,-51.2096405,0.00871226,0.007264,0.00937878,0.01121034,0.03096756,0.0086903,0.00722353,0.00934609,0.01118347,0.03095366,-42.47502136,-46.73763275,-44.0734787,-48.35617447,-50.18109131,11.28295612,10.95003891,10.60538483,10.41195774,11.35338497,9.62112713,8.54274178,7.82501364,7.30009508,9.91967297,6297,6593,5735,5150,3381,-0.0028274,0.03520363,0.06192291,0.11757357,0.39753824,70,35,67,49,39,3.5,3.5,3.5,3.5,3.5,16.90573692,16.17766762,15.8635807,15.66567421,15.53294945,0.00135921,0.00120488,0.00169715,0.00218578,0.00520033,18.49195862,17.87840652,17.69627762,17.59508324,17.06377029,0.00139344,0.00153815,0.00135402,0.00156245,0.00328326,172864.1875,338012.875,451406.28125,541664.4375,612096.9375,216.35209656,375.01464844,705.43652344,1090.20239258,2931.03808594,40106.67578125,70572.8359375,83461.9921875,91614.984375,149448.609375,51.4747467,99.98316956,104.08847809,131.84494019,451.94729614,0.02866243,0.0286385,0.02864739,0.02863651,0.02857773,0.02346728,0.02265557,0.023816,0.02532732,0.02470734,0.02234831,0.02482533,0.02485005,0.02610347,0.02318648,6.135e-05,5.462e-05,6.894e-05,7.615e-05,0.00016952,7.286e-05,8.955e-05,7.456e-05,8.718e-05,0.000179,0.2643057772384601
19,588015508205273102,01:28:02.13,-00:44:17.9,29,1.0,0.0,0.0,0.0,0.0,0.0,0.0,1.0,0.0,0,1,0,22.008875,-0.7383055555555555,22.00889503,-0.73832146,16.894274,15.067001,14.283195,13.908454999999998,13.597175,3325,41,2,255,11.055747,224578049,DES0128-0041,4415,17663,4521866,72349868,1157597898,22.008795,-0.738292,22.00879529,-0.7382918,142.85452271,-62.1860733,6129.2292708,4438.31733066,19.63547134,0.01422397,19.35272217,0.01189067,-89.33857727,21.87019348,3.5,0.032,15.02771854,14.30833435,13.96968079,13.7410984,13.58493233,98.8980484,98.93151855,98.94979095,98.96173096,15.36868382,3,1,0,3,1,0,3,1,0,3,1,0,3,0,1,6128.44221258,6128.40466357,6128.41338455,6128.41979502,6128.39249033,4438.61551591,4438.54527575,4438.57356789,4438.5675709,4438.55903315,74.92644059,66.94711728,64.08686429,64.85371287,75.15803688,81.06563989,72.76667213,69.12216102,71.19806506,82.53000827,-6.15285109,-5.7767905,-5.4358983,-5.68307652,-6.11745276,5.584e-05,3.38e-05,2.656e-05,5.933e-05,0.00058371,5.51e-05,3.358e-05,3.059e-05,6.719e-05,0.00057569,-6.2e-07,-7.8e-07,-1.88e-06,-8.9e-07,-3.08e-06,9.21260452,8.7364254,8.52027798,8.63332748,9.27287102,8.43326664,7.96169949,7.78549242,7.84330463,8.4676981,-58.25708771,-58.36722946,-57.42565918,-59.58467865,-60.53524017,0.00749612,0.00587166,0.0055972,0.00820274,0.02418164,0.0073987,0.00573664,0.00508156,0.00769601,0.02397164,-29.65402603,-41.0383606,-68.52747345,-83.64641571,-18.76525307,17.46481895,16.71790886,16.37667274,16.61758041,17.6589489,12.34772778,11.46582413,11.14423943,11.26170921,12.30493164,16235,16343,15642,14989,10294,-0.00471818,-0.02344029,-0.11285403,-0.16761048,0.26297462,64,63,75,71,58,3.5,3.5,3.5,3.5,3.5,15.12967014,14.37681389,14.01988888,13.77937031,13.61846828,0.00074697,0.0005808,0.00056754,0.00087066,0.00237239,99.0,99.0,99.0,99.0,15.40221977,99.0,99.0,99.0,99.0,0.00231999,887425.5,1775310.5,2466291.5,3077881.5,3569542.75,610.38494873,949.44604492,1288.8828125,2467.57592773,7797.74804688,-99.0,-99.0,-99.0,-99.0,690418.25,-99.0,-99.0,-99.0,-99.0,1475.33068848,0.02863535,0.0286568,0.02864379,0.0286333,0.02862802,0.0195864,0.01936505,0.02135987,0.02177714,0.02173871,-99.0,-99.0,-99.0,-99.0,0.01965017,4.019e-05,3.859e-05,3.571e-05,4.728e-05,0.00010051,-99.0,-99.0,-99.0,-99.0,0.00011957,0.3753719695498345
20,587731511533633618,01:29:32.36,-00:56:20.9,65,0.954,0.0,0.0,0.015,0.031,0.0,0.015,0.954,0.015,0,1,0,22.38483333333333,-0.9391388888888891,22.3848347,-0.93915318,19.892801,17.885664000000006,16.728859,16.244616,15.881275,2738,40,1,68,7.725392999999999,224588398,DES0128-0041,4415,17663,4521764,72348232,1157571723,22.3848,-0.939102,22.38479951,-0.93910167,143.75508118,-62.26050186,982.96486346,1689.4112071,14.38694,0.02560122,11.77219009,0.02079559,-88.41397858,-1.47532523,3.5,0.02817,17.60471725,16.53735352,16.14638519,15.84622383,15.68103695,19.07087517,18.14297295,17.72350311,17.44841003,17.16245651,2,0,3,2,0,3,2,0,3,2,0,3,2,0,3,982.97691183,982.97673888,982.93003913,982.95217484,982.89831271,1689.47951415,1689.39923747,1689.39572668,1689.44138873,1689.43695701,32.29234728,28.3245746,27.06777991,26.35058159,35.7724111,28.75140426,25.3143149,23.99747389,23.66211789,32.23426888,0.5989121,0.37241555,0.45900355,0.39918445,0.61343967,0.00044463,9.135e-05,0.00011036,0.00019021,0.00257753,0.0004395,8.974e-05,0.00010932,0.00018893,0.0025703,1.08e-06,1.5e-07,1.7e-07,1.3e-07,1.41e-06,5.69130087,5.3263464,5.2091198,5.13892984,5.9896369,5.35283566,5.02682066,4.89186287,4.85840511,5.66841507,9.34478092,6.94880867,8.32320881,8.26968288,9.56220055,0.02109143,0.00955865,0.01050659,0.0137923,0.05077204,0.02095913,0.00947259,0.01045412,0.01374482,0.0506955,11.45216942,5.24081898,9.22567368,5.68935156,10.66869259,11.49368668,10.91362286,10.73051167,10.63898182,11.93166447,6.90254879,6.01754665,5.5688324,5.4342885,7.37929916,4864,6593,6272,5347,3014,0.10428734,0.04788904,-0.04224903,-0.06082846,0.58389413,86,104,98,59,81,3.5,3.5,3.5,3.5,3.5,17.69446754,16.59763718,16.19058418,15.87991524,15.71055889,0.00354588,0.00172905,0.00199332,0.00273426,0.0082262,19.16062546,18.20325661,17.7677021,17.48210144,17.19197845,0.00253569,0.00118485,0.00129827,0.00146039,0.00418981,83601.3359375,229586.0,334015.5,444666.0,519728.40625,272.965271,365.52966309,613.07623291,1119.55285645,3936.82177734,21664.546875,52323.58984375,78148.21875,101662.1328125,132803.1875,50.59839249,57.10217667,93.44923401,136.74688721,512.49945068,0.02866381,0.02875841,0.02864505,0.02863333,0.02860581,0.01482679,0.01753736,0.01615332,0.01577125,0.01873206,0.01588005,0.01690251,0.01689643,0.01759897,0.01668853,9.592e-05,5.802e-05,5.41e-05,5.935e-05,0.00021931,0.00012054,6.959e-05,6.331e-05,7.277e-05,0.00020457,0.22259411454469535
21,587731512071291060,01:37:12.87,-00:30:15.5,26,0.962,0.0,0.038,0.0,0.0,0.0,0.038,0.962,0.038,0,1,0,24.303625,-0.5043055555555556,24.30364017,-0.50430606,17.30538,15.389332,14.509573,14.082623000000002,13.765326000000002,2738,40,2,80,13.984171,232974096,DES0136-0041,4458,17832,4565105,73041693,1168667098,24.303601,-0.504304,24.30360117,-0.50430414,147.24902344,-61.196064,4035.33213279,7641.2055603,35.42865372,0.032394,17.62425232,0.01548517,26.48134995,-64.48061371,3.5,0.03149,15.30496597,14.47166729,14.1105442,13.85172558,13.69746208,98.89967346,16.77887917,16.57413292,16.54741478,15.66260815,2,0,0,2,0,1,2,0,1,2,0,1,2,0,1,4035.48372132,4035.29592934,4035.33188235,4035.4222639,4035.38968301,7641.09943764,7641.15363206,7641.19485119,7641.20143148,7641.18014058,116.66579247,107.6057016,101.28473732,98.36325206,110.70044814,155.14619914,144.15964696,135.56081028,131.64930523,147.01633827,-25.74987403,-23.97033941,-22.82606365,-22.19543405,-23.55102711,0.0002109,0.00014719,0.0001761,0.00018133,0.00087439,0.00022521,0.00015719,0.00018302,0.00018532,0.00088821,-4.72e-06,-6.38e-06,-4.38e-06,-2.7e-06,-9.46e-06,12.96341228,12.49104023,12.12297249,11.94773769,12.59351444,10.18635941,9.78464413,9.48045826,9.34152603,9.95591164,-63.38346863,-63.66244888,-63.44979477,-63.43201828,-63.81618881,0.01505417,0.01266051,0.01360655,0.01366299,0.02988341,0.01447353,0.01200355,0.01318992,0.01341512,0.0294887,-73.2909317,-64.04755402,-64.14937592,-63.24539566,-63.07579041,23.96444511,23.27399254,22.71685791,22.40006638,23.322155,12.19441605,11.7142849,10.79775429,10.24097633,11.94643688,22926,23966,22203,21125,14576,0.03940607,0.06306396,0.25989163,0.14179984,0.17641324,75,68,80,78,51,3.5,3.5,3.5,3.5,3.5,15.40529346,14.53905582,14.15995216,13.88938808,13.73046398,0.00107353,0.0009382,0.00111486,0.00118567,0.00247501,99.0,16.8462677,16.62354088,16.58507729,15.69561005,99.0,0.00125334,0.0011958,0.00144848,0.00246026,688466.25,1528894.875,2167800.5,2781280.75,3219692.5,680.55828857,1320.82092285,2225.40112305,3036.54101562,7337.73242188,-99.0,182596.625,224173.125,232257.203125,526933.6875,-99.0,210.79063416,246.90731812,309.86352539,1194.06323242,0.02863084,0.02865181,0.02863541,0.02863061,0.02862532,0.02387762,0.02141433,0.01921602,0.02207381,0.02815909,-99.0,0.02339984,0.02381667,0.02719253,0.0249677,0.00016992,8.703e-05,7.207e-05,7.11e-05,0.00015896,-99.0,8.769e-05,6.121e-05,8.049e-05,0.00014544,0.14120141914949397
22,587727180072747063,01:56:59.97,-08:37:22.0,28,0.964,0.0,0.0,0.0,0.036000000000000004,0.0,0.0,0.964,0.0,0,1,0,29.249875,-8.622777777777777,29.24987794,-8.62279984,21.002872,18.647484,17.231506,16.696756,16.32358,1729,40,5,276,5.4763150000000005,260922670,DES0156-0833,4380,17521,4485441,71767060,1148272964,29.249831,-8.62275,29.24983108,-8.62274975,165.94204712,-65.8579483,2459.46624405,4004.06112733,11.36610031,0.02114292,9.18905735,0.01647442,29.25781631,-59.51714706,3.5,0.02567,18.39748573,17.09406853,16.66572189,16.34675598,16.18803978,19.63237953,18.28309631,17.98033905,17.65096855,17.57858658,2,0,5,2,0,5,2,0,5,2,0,6,2,0,5,2459.5537615,2459.47614307,2459.42012152,2459.52054861,2459.37443851,4004.03699873,4004.05537587,4004.07120757,4004.0401798,4003.97452832,19.38565075,16.95026047,15.06983593,16.60360759,17.91742476,20.40802169,17.82431664,15.93618313,17.61977368,18.82249236,-0.45861292,-0.19779544,-0.14749155,-0.23146071,-0.4086575,0.00045402,6.154e-05,5.39e-05,7.56e-05,0.00154336,0.0004561,6.207e-05,5.428e-05,7.598e-05,0.00154602,-2.3e-07,1e-08,3e-08,-2e-08,-2.9e-07,4.53691483,4.22693682,3.9950726,4.20357132,4.35657024,4.38293028,4.11188316,3.87884188,4.06858301,4.2142868,-69.05147552,-77.82443237,-80.59838867,-77.75402069,-68.95830536,0.02135711,0.00787853,0.00736765,0.0087167,0.03931983,0.02130715,0.00784468,0.00734171,0.00869494,0.03928528,-83.65003204,88.85832977,86.03990936,-86.38996124,-83.77210999,8.85716534,8.34376621,8.0283165,8.30050468,8.67475033,7.5321393,7.04469204,5.99429131,6.61726522,6.51780701,2869,4410,4312,4068,2000,0.00163964,-0.00875958,-0.08329199,-0.16310048,0.28193381,51,56,40,77,54,3.5,3.5,3.5,3.5,3.5,18.47927094,17.14900208,16.70599747,16.37745667,16.21494102,0.00474686,0.00185935,0.00194557,0.0022039,0.00935897,19.71416473,18.33802986,18.02061462,17.68166924,17.60548782,0.00301672,0.00132273,0.00121149,0.00129293,0.00476884,40578.11328125,138165.4375,207778.59375,281201.25,326605.46875,177.36505127,236.55458069,372.23519897,570.66192627,2814.63208008,13011.70214844,46215.5625,61909.06640625,84592.6015625,90741.234375,36.15428925,56.30544281,69.08207703,100.73896027,398.57275391,0.02867006,0.02865715,0.02872964,0.02865594,0.02858587,0.0172173,0.01785464,0.01969479,0.02034204,0.02104679,0.01655507,0.0168852,0.01782486,0.01772303,0.0185049,0.00012907,5.926e-05,5.775e-05,6.583e-05,0.00023841,0.00014454,6.732e-05,6.101e-05,6.352e-05,0.00024132,0.24516663064358898
23,587727180072747070,01:57:03.82,-08:36:03.9,29,0.931,0.0,0.034,0.0,0.034,0.0,0.034,0.931,0.034,0,1,0,29.265916666666666,-8.601083333333333,29.26590769,-8.60109354,20.918446,18.748711,17.416107,16.893101,16.553413,1729,40,5,276,5.77775,260921836,DES0156-0833,4380,17521,4485444,71767104,1148273673,29.265863,-8.601045,29.2658633,-8.60104527,165.94004822,-65.83108521,2242.33460436,4301.04768921,10.96736145,0.02263401,8.68507862,0.01764319,14.82679749,-70.16375732,3.5,0.02522,18.61088753,17.3237648,16.91466713,16.60982513,16.50247955,19.92197418,18.61676598,18.33531952,17.98834038,17.93869209,2,0,5,2,0,5,2,0,5,2,0,7,2,0,5,2242.37176102,2242.32709967,2242.30493107,2242.3759122,2242.24495036,4301.07037808,4301.06501545,4301.04069178,4301.06334169,4301.00967065,20.59379712,19.29532571,17.15731905,18.65496646,18.70792502,22.83197663,21.23690058,18.84114241,20.68673693,20.55754424,-0.30322499,-0.36207169,-0.4335888,-0.46010861,-0.55732191,0.000709,0.000109,9.94e-05,0.00014313,0.00275788,0.0007143,0.00011026,0.00010016,0.00014391,0.00276188,-3.6e-07,-1.3e-07,-2.1e-07,-2.1e-07,-1.7e-06,4.78250265,4.61543322,4.35272694,4.55917501,4.55109835,4.53359079,4.38520288,4.12943411,4.30762434,4.3073163,-82.4196701,-79.77307129,-76.3756485,-77.81678009,-74.46269989,0.02672685,0.01050131,0.0100106,0.01199837,0.05255954,0.02662656,0.01043964,0.00996716,0.01196144,0.0525096,-86.08692169,-84.15897369,-75.48447418,-75.63224792,-69.86977386,9.05923939,8.84396267,8.46638012,8.72910213,8.75844097,8.22478485,7.61066008,6.53489304,7.07907343,6.92195272,2408,3692,3542,3346,1602,0.00246409,-0.03271484,-0.09860776,-0.1072721,0.42421442,60,33,63,63,59,3.5,3.5,3.5,3.5,3.5,18.6912384,17.37773514,16.95423698,16.63998795,16.52890968,0.00550478,0.00218414,0.00232941,0.00267606,0.01193186,20.00232506,18.67073631,18.37488937,18.01850319,17.96512222,0.00363881,0.00161263,0.00151453,0.00155561,0.00643332,33381.41015625,111919.515625,165312.453125,220803.015625,244588.625,169.20567322,225.0896759,354.5866394,544.09051514,2687.28930664,9978.60742188,34017.734375,44672.9296875,62029.5625,65155.48828125,33.44409943,50.52788925,62.31792068,88.87704468,386.0788269,0.02862968,0.02864228,0.02865274,0.02863905,0.02847373,0.01884153,0.01883271,0.02067002,0.02168237,0.02235152,0.01797746,0.01817967,0.01893368,0.01881853,0.01966669,0.00015951,7.222e-05,7.234e-05,8.55e-05,0.00032216,0.00017471,8.175e-05,7.572e-05,7.784e-05,0.00032788,0.2363053200318
24,587731512612749436,02:19:00.05,-00:01:10.4,49,0.98,0.02,0.0,0.0,0.0,0.0,0.02,0.973,0.027000000000000003,0,1,0,34.75020833333333,-0.01955555555555556,34.75023123,-0.01954676,19.258799,17.451603,16.299882999999998,15.827865,15.459425,2738,40,3,150,8.364303999999999,104769290,DES0219+0001,4442,17770,4549221,72787538,1164600611,34.750223,-0.019526,34.75022261,-0.01952552,164.33857727,-55.68717957,7507.03134801,4505.08764231,19.3280735,0.02622527,12.67937756,0.01695312,89.86795807,-1.5814414,3.5,0.03719,17.0900631,16.05329132,15.66452408,15.36496544,15.19921398,18.56929016,17.64138031,17.21633339,16.95749855,16.73242569,2,0,5,2,0,2,2,0,2,2,0,4,2,0,6,7507.06170848,7507.01045315,7507.04642636,7507.04118233,7507.05019349,4505.14493103,4505.08999942,4505.10936959,4505.03539492,4505.11123199,44.99828156,38.82129074,36.54613713,38.23366631,48.12216159,36.42829631,31.66979564,29.98734708,31.38469714,40.7069714,-0.17541787,-0.19300377,-0.33631529,-0.23617444,-0.3023981,0.00029625,6.893e-05,6.426e-05,0.0001521,0.00105909,0.00028929,6.728e-05,6.312e-05,0.00015092,0.00105455,-2.4e-07,-4e-08,-6e-08,-2e-08,-6e-08,6.70834351,6.23109102,6.04676247,6.18399572,6.93790102,6.03528833,5.62713003,5.4744997,5.60147858,6.3792367,-1.1721251,-1.54479325,-2.92772222,-1.97261882,-2.33141255,0.01721217,0.00830245,0.00801627,0.01233305,0.03254367,0.01700833,0.00820212,0.00794453,0.01228509,0.03247387,-1.98544252,-1.50973046,-3.12014961,-0.9725045,-0.81036085,13.47799206,12.77041054,12.45510387,12.64427948,13.83648682,7.73652554,6.52529383,5.95877934,6.50344992,7.75503969,7559,9824,9406,7929,5335,0.0301596,-0.02761873,-0.11025568,-0.19052705,-0.07259967,74,107,108,89,116,3.5,3.5,3.5,3.5,3.5,17.2085495,16.13287735,15.7228756,15.40944481,15.23818874,0.00251201,0.00135228,0.00140529,0.00212625,0.00472549,18.68777657,17.72096634,17.27468491,17.00197792,16.77140045,0.00167617,0.0013971,0.00125934,0.00104902,0.002646,130791.7265625,352248.71875,513865.78125,685838.8125,803016.5625,302.5328064,438.61749268,664.94433594,1342.78210449,3494.14746094,33488.01953125,81585.59375,123062.5859375,158200.828125,195632.046875,51.70091248,104.98581696,142.74443054,152.85658264,476.78137207,0.02866718,0.02865758,0.02863421,0.02863133,0.02861969,0.01621143,0.01669645,0.01811133,0.01521979,0.02319763,0.01514772,0.01573851,0.01577492,0.01660795,0.01696859,7.615e-05,3.89e-05,3.819e-05,4.259e-05,0.00013297,7.862e-05,6.565e-05,6.032e-05,5.079e-05,0.00013453,0.08039457679279383
25,587727180079628384,03:00:29.84,-07:10:38.0,25,1.0,0.0,0.0,0.0,0.0,0.0,0.0,1.0,0.0,0,1,0,45.12433333333334,-7.177222222222222,45.12432585,-7.1772262000000016,17.701195000000006,15.845854,14.957791,14.522241,14.189618,1729,40,5,381,11.60001,334392896,DES0300-0707,9201,36806,9422505,150760089,2412161437,45.124315,-7.177238,45.12431514,-7.17723815,185.8041687,-53.47893524,6281.87672511,4247.29521432,18.60222435,0.01760072,16.70462799,0.01561757,46.43162918,-42.03531647,3.5,0.07321,15.61983299,14.81903553,14.47327995,14.218009,14.0716114,17.37067032,16.48322678,98.88513184,16.12954521,16.0928669,2,0,1,2,0,1,2,0,0,2,0,1,2,0,1,6281.52307813,6281.74155201,6281.9144215,6282.01800339,6281.8854376,4247.10577584,4247.20668744,4247.33493405,4247.33255972,4247.37919314,77.66833164,72.14126161,63.46868051,63.93301173,69.78724027,75.4742583,68.15112051,60.27161417,61.16292507,68.31264171,-2.08073595,-1.58692754,-1.17348509,-0.997481,-1.35448801,0.00029148,8.048e-05,6.036e-05,0.00024517,0.00250564,0.00028961,7.911e-05,5.956e-05,0.00024454,0.00250314,-1.54e-06,-4.2e-07,-1.8e-07,-3e-08,-1.3e-07,8.88389111,8.52616215,7.99081802,8.01591015,8.40191078,8.61504936,8.22173595,7.73867702,7.80007219,8.21631241,-31.10011864,-19.24979591,-18.14121819,-17.8803463,-30.71943474,0.01709819,0.00897763,0.007772,0.01565797,0.05005644,0.0169924,0.00888766,0.00771506,0.0156377,0.05003136,-29.35513306,-15.75443268,-12.21564674,-2.99972248,-3.08378577,17.45486832,16.80753517,16.13785934,16.13754082,16.86119461,9.03462982,9.15510845,5.84015846,6.90929604,6.52763319,10325,12106,12096,9284,5710,0.02360409,-0.00887273,0.02484948,-0.34442696,0.90441495,66,75,71,91,110,3.5,3.5,3.5,3.5,3.5,15.8530798,14.97570515,14.58814621,14.30556774,14.14833546,0.00163915,0.00089947,0.00086387,0.00189686,0.00561762,17.60391808,16.63989639,99.0,16.21710396,16.1695919,0.00194176,0.00112407,99.0,0.001293,0.00332342,455793.34375,1022628.75,1461306.75,1895714.5,2191117.5,687.95159912,846.98370361,1162.41674805,3311.15234375,11334.1328125,90872.5390625,220821.5,-99.0,325955.5,340536.09375,162.52415466,228.6257782,-99.0,388.19177246,1042.40856934,0.02863018,0.028661,0.02863799,0.02866342,0.02862055,0.01765482,0.01751542,0.01981625,0.01818986,0.01771339,0.01789434,0.01744803,-99.0,0.01893338,0.01710285,7.762e-05,4.415e-05,4.748e-05,4.979e-05,0.00013489,0.00010206,5.907e-05,-99.0,6.839e-05,0.00015061,0.0575014648448093
26,587731186730467477,22:26:01.36,+00:15:44.4,29,0.966,0.0,0.0,0.034,0.0,0.0,0.034,0.93,0.07,0,1,0,336.5056666666667,0.2623333333333333,336.50566828,0.26233849,18.581451,16.467609,15.431545000000002,14.929811,14.550198000000002,2662,40,4,125,7.329372,82531683,DES2225+0001,4757,19029,4871656,77946506,1247144103,336.505654,0.26236,336.50565444,0.26236012,64.99499512,-45.61663818,3478.2688827,8363.6271743,17.24433517,0.01388044,14.34837341,0.01063114,19.89029694,-70.99654388,3.5,0.08546,16.15154648,15.22306633,14.81777954,14.49549007,14.31039333,17.57424355,17.00104713,16.60809898,16.38681412,15.76854229,2,0,5,2,0,4,2,0,4,2,0,4,2,0,5,3478.2307095,3478.28726237,3478.25828833,3478.26782966,3478.30973508,8363.73699335,8363.60252197,8363.62575791,8363.65117005,8363.61969831,39.84257036,32.66746441,32.16213168,32.70611626,42.56577957,41.56651991,33.92912874,33.43551508,34.05426103,44.51926272,-0.33811951,-0.29242823,-0.26460358,-0.24552654,-0.1556191,4.702e-05,1.543e-05,1.378e-05,1.942e-05,0.00019986,4.746e-05,1.556e-05,1.388e-05,1.95e-05,0.00020041,-2e-08,-3e-08,-1e-08,-1e-08,2e-08,6.45216751,5.83040428,5.78690863,5.83931351,6.6731987,6.30702972,5.70990181,5.66651011,5.715137,6.52330112,-79.29091644,-77.56473541,-78.71632385,-79.99308777,-85.47372437,0.00688917,0.00394488,0.00372634,0.00441581,0.01415653,0.00685726,0.00392768,0.00371185,0.00440643,0.01413704,-87.11673737,-77.3035202,-83.8072052,-82.07711792,87.96192169,12.73304749,11.90086746,11.82007408,11.9335947,13.09679127,9.31447697,6.42226028,6.34702492,6.12499619,9.49419403,11097,12933,12823,11752,7579,0.20207757,0.14420758,0.03124912,-0.11370368,0.54584658,78,66,76,63,55,3.5,3.5,3.5,3.5,3.5,16.4238224,15.40595055,14.95186615,14.59770012,14.39995575,0.00101788,0.00065714,0.00065829,0.00081042,0.0022408,17.84651947,17.18393135,16.74218559,16.48902512,15.85810471,0.00094862,0.00071261,0.00060648,0.00056711,0.00131621,269445.34375,688049.75,1045330.5625,1448504.375,1737871.125,252.54325867,416.34017944,633.64117432,1080.9342041,3585.84375,72676.171875,133791.234375,200967.515625,253740.546875,453689.0625,63.50037003,87.81481934,112.26224518,132.5410614,550.01397705,0.0286486,0.0286416,0.02865111,0.02869542,0.02864568,0.01809778,0.01933593,0.02016274,0.02063454,0.02152338,0.01750788,0.0197566,0.02026861,0.02124852,0.01871093,4.213e-05,3.018e-05,2.754e-05,2.858e-05,6.972e-05,4.751e-05,3.649e-05,3.191e-05,3.391e-05,6.715e-05,0.09294655000575543
27,587731187804864802,22:31:58.83,+01:11:02.4,24,0.958,0.0,0.0,0.0,0.042,0.0,0.0,0.958,0.0,0,1,0,337.995125,1.1840000000000002,337.99514607,1.18399785,18.425308,16.613901000000002,15.735144,15.310802,14.995064,2662,40,6,135,7.786739,83972007,DES2231+0126,4800,19201,4915609,78649748,1258395978,337.995128,1.184022,337.9951283,1.1840224,67.40865326,-46.10931778,2907.4820849,1435.8268036,17.73703384,0.01693351,11.93965912,0.0107263,0.45122442,-87.02144623,3.5,0.08742,16.38012695,15.60055733,15.24550343,15.00274467,14.87571144,17.94903946,17.49326515,17.1290226,17.0104332,16.47751236,2,0,4,2,0,4,2,0,4,2,0,4,2,0,5,2907.46242395,2907.47829501,2907.4875627,2907.46347963,2907.4546198,1435.76993712,1435.78243372,1435.79922935,1435.77065765,1435.81932574,36.47697342,31.52878968,31.61698871,30.85859931,40.93260191,45.65015054,39.59500083,39.51230121,38.7068278,50.21586233,0.73807104,0.65189381,0.61525326,0.66826602,0.80293135,7.718e-05,2.535e-05,2.43e-05,4.594e-05,0.00038531,7.86e-05,2.633e-05,2.539e-05,4.679e-05,0.00039653,2.8e-07,8e-08,6e-08,1e-07,3.9e-07,6.76085472,6.29661369,6.28967094,6.22601986,7.09117746,6.03472996,5.61038733,5.6186595,5.54996443,6.39246941,85.42918396,85.40918732,85.57077789,85.16770172,85.09291077,0.00886861,0.0051322,0.0050388,0.00684142,0.01991334,0.00878213,0.00503368,0.00492963,0.00677708,0.01962886,79.36278534,85.17324829,86.77611542,83.62198639,87.98716736,12.66954041,12.11189651,12.09339809,12.01109505,13.22824192,9.82281017,7.02020454,7.20862818,6.72254562,10.58188725,8228,9990,10130,8666,6201,-0.05812948,-0.05549957,-0.11024326,-0.19651136,-0.08898904,15,52,48,90,80,3.5,3.5,3.5,3.5,3.5,16.65864754,15.7876358,15.38266563,15.10729885,14.96732807,0.00137185,0.00083363,0.0008273,0.00118853,0.00290603,18.22756004,17.68034363,17.26618385,17.11498833,16.56912804,0.00137285,0.00092419,0.00081374,0.00080519,0.00208012,217040.5,484112.0,702965.3125,905900.6875,1030549.0625,274.16891479,371.61209106,535.50958252,991.43017578,2757.64453125,51165.33203125,84695.953125,124029.890625,142562.265625,235694.140625,64.69756317,72.09663391,92.96161652,105.72859955,451.57339478,0.02863226,0.02863047,0.02863054,0.02863536,0.02862124,0.02061424,0.01890879,0.02088787,0.0212096,0.02032226,0.01982294,0.02098688,0.02064498,0.02097268,0.02049015,4.23e-05,2.923e-05,2.878e-05,3.571e-05,8.077e-05,6.982e-05,4.828e-05,4.25e-05,4.597e-05,0.00010525,0.10857494840187254
28,587731185122803901,22:52:50.00,-00:57:17.7,33,0.939,0.0,0.0,0.0,0.061,0.0,0.0,0.939,0.0,0,1,0,343.2083333333333,-0.9549166666666666,343.20831958,-0.95491225,19.159243,17.228085,16.310091,15.866574,15.514207,2662,40,1,170,4.8603760000000005,105717757,DES2254-0041,4707,18831,4820760,77132162,1234114596,343.208304,-0.954873,343.20830381,-0.95487273,70.56507111,-51.34659958,9518.50461596,1473.48130634,11.6947298,0.01670926,10.53569031,0.01470796,50.80948257,-36.0905571,3.5,0.08533,16.90258026,16.09007645,15.71983147,15.45954895,15.34874916,18.01535225,17.52521896,17.16768646,16.87311745,16.69575691,0,0,2,0,0,2,0,0,2,0,0,2,0,0,3,9518.50519429,9518.50778396,9518.51290194,9518.50113868,9518.51016935,1473.51310085,1473.44080594,1473.46802772,1473.44668827,1473.44511474,23.35127987,14.83870444,13.86351348,13.60403649,17.94358456,23.71123137,14.98152985,14.00112109,13.81458864,18.35840816,-0.29971354,-0.33853412,-0.28016259,-0.27774618,-0.23885858,0.00011625,2.793e-05,2.495e-05,3.113e-05,0.00058316,0.00011013,2.793e-05,2.498e-05,2.955e-05,0.00058381,-7.3e-07,-1.9e-07,-1.1e-07,-1e-07,-5.5e-07,4.8868041,3.90590596,3.77104831,3.7425046,4.29736423,4.81473351,3.81629825,3.69375563,3.66227841,4.22310925,-60.49225235,-50.95586395,-51.89896393,-55.37928009,-65.4846344,0.0107859,0.00530261,0.0050083,0.00558016,0.02416871,0.01048997,0.00526694,0.00498507,0.00543509,0.02414222,-6.73059225,-45.46970367,-49.03803635,-3.44293094,-60.40803146,9.5375185,8.1397028,7.89204216,7.79571676,8.6925087,8.39941502,4.76962614,4.47371387,4.59715223,5.54164982,5214,5838,5781,5221,2813,0.02781896,0.01329612,-0.05488047,-0.00028743,-0.0121351,41,88,87,75,55,3.5,3.5,3.5,3.5,3.5,17.17444229,16.27268219,15.85371399,15.56160355,15.4381752,0.00196947,0.0013583,0.00140768,0.00167528,0.00609372,18.28721428,17.70782471,17.30156898,16.97517204,16.78518295,0.00199205,0.00126024,0.00110503,0.00113224,0.0028971,134965.578125,309689.9375,455527.3125,596154.25,667928.5625,244.76115417,387.34082031,590.45758057,919.63537598,3747.85449219,48429.9921875,82579.09375,120052.828125,162155.390625,193164.28125,88.85990906,95.85482025,122.19002533,169.10699463,515.44207764,0.02863581,0.0286477,0.02865822,0.02866821,0.02863284,0.0167715,0.01036003,0.01292429,0.01402343,0.01284314,0.01595389,0.01549683,0.01570463,0.01488779,0.01629424,8.818e-05,4.489e-05,4.227e-05,3.947e-05,0.00015673,0.00010446,6.115e-05,5.366e-05,5.269e-05,0.00014273,0.15202197226615993
29,587731186733613230,22:54:11.69,+00:14:21.6,31,1.0,0.0,0.0,0.0,0.0,0.0,0.0,1.0,0.0,0,1,0,343.54870833333337,0.2393333333333333,343.54872827,0.23931710000000006,20.193165,18.164492000000006,17.02734,16.537148000000002,16.123413,2662,40,4,173,4.899384,104784420,DES2254+0001,4710,18842,4823784,77180546,1234888744,343.548708,0.239344,343.54870786,0.23934422,72.27648163,-50.72692871,4790.086948,8048.56868973,10.0128479,0.01867992,7.92550898,0.01489686,73.90236664,-9.23595333,3.5,0.08734,17.8523922,16.86907196,16.43903732,16.13967323,15.97620869,18.89280891,18.13653564,17.73683167,17.46321487,17.19830704,2,0,5,2,0,2,2,0,2,2,0,3,2,0,3,4790.06648082,4790.08827601,4790.10457639,4790.04957288,4790.16275531,8048.57325301,8048.54074827,8048.59022997,8048.56816545,8048.59350973,20.61340655,14.31171344,13.96877772,14.25942691,19.03654258,18.6570599,12.57454144,12.30716588,12.59978998,17.17412726,-1.22434882,-1.07599049,-1.07677731,-1.03696783,-1.06352804,0.00015198,4.66e-05,3.963e-05,6.234e-05,0.00112792,0.00015111,4.52e-05,3.876e-05,6.158e-05,0.00112297,-1.28e-06,-7.2e-07,-4.7e-07,-4.4e-07,-2.93e-06,4.60460091,3.85044789,3.80762458,3.84157872,4.41802263,4.2506609,3.47279501,3.43190026,3.47871947,4.08555317,-25.68873405,-25.54401588,-26.17370224,-25.6659832,-24.39757156,0.01236511,0.00684897,0.00631137,0.00790817,0.0336047,0.01225552,0.00670031,0.00620951,0.00783455,0.03349047,-35.62060547,-22.9839344,-23.60614777,-24.39964676,-24.91322136,8.34937954,7.30116272,7.24195385,7.30043125,8.22790146,9.01805687,5.3708868,5.29561377,5.26368952,6.98651361,3085,3456,3527,3200,1819,0.0305903,-0.03263372,-0.10651012,-0.17906064,-0.07097388,67,96,65,70,58,3.5,3.5,3.5,3.5,3.5,18.1306572,17.05597878,16.5760746,16.24413109,16.06774139,0.00264617,0.00185136,0.00179595,0.00225732,0.00777453,19.17107391,18.32344246,17.87386894,17.56767273,17.28983879,0.00216416,0.001831,0.00157436,0.00141098,0.00449814,55941.86328125,150524.84375,234190.84375,317941.59375,374027.5,136.3089447,256.60745239,387.28768921,660.86047363,2677.61181641,21457.08007812,46840.640625,70868.3671875,93957.3828125,121356.90625,42.77116394,78.9954071,102.76539612,122.10697174,502.79064941,0.02865697,0.028654,0.02865458,0.0286404,0.02862303,0.01674556,0.01383483,0.01694809,0.01598782,0.01736578,0.01561642,0.01573748,0.01568198,0.01572799,0.0175836,8.187e-05,5.64e-05,5.148e-05,5.498e-05,0.00022567,0.00010668,8.883e-05,7.558e-05,6.761e-05,0.00023913,0.12125512566697214
30,587731185659871384,22:54:34.72,-00:34:15.8,57,0.965,0.0,0.0,0.018000000000000002,0.0,0.018000000000000002,0.018000000000000002,0.952,0.031,0,1,0,343.6446666666667,-0.5710555555555556,343.64468163,-0.57106473,18.534889,16.450277,15.428562,14.929042,14.552267,2662,40,2,173,10.61496,105695129,DES2254-0041,4707,18831,4820828,77133251,1234132024,343.644637,-0.571051,343.64463685,-0.57105144,71.49435425,-51.37826538,3546.48391463,6727.5388828,20.9102993,0.01425978,18.32355499,0.01233841,7.45337582,-81.89186096,3.5,0.08971,16.03837204,15.14361572,14.74863815,14.46376133,14.3040247,17.72810173,16.96801758,16.63823509,16.48019409,16.05075264,3,0,3,3,0,2,3,0,2,3,0,2,3,0,3,3546.47509439,3546.48403137,3546.49353299,3546.48788693,3546.50606559,6727.54570652,6727.47857662,6727.51123149,6727.45134575,6727.4925096,75.45138774,66.24849109,63.75220077,60.97743676,70.9037529,80.57784454,70.96053686,68.29401484,65.18834655,76.27522677,-1.34089819,-1.14600869,-0.85920422,-0.91111603,-1.12101841,0.00012196,3.592e-05,3.684e-05,6.93e-05,0.00051168,0.00013198,3.64e-05,3.858e-05,7.355e-05,0.00056045,-2.4e-07,-7e-08,-3e-08,-4e-08,-5.68e-06,8.99485397,8.43945885,8.27351952,8.08560658,8.74641609,8.66728592,8.12308788,7.97465324,7.79671431,8.40709114,-76.19232178,-77.0304718,-79.63786316,-78.29994965,-78.67224884,0.01148859,0.00603421,0.00621093,0.00857608,0.02368754,0.0110433,0.00599258,0.00606918,0.00832492,0.02260594,-88.64504242,-81.97511292,-88.87467194,-89.43206787,-83.44586182,17.98509026,17.2237072,16.99800301,16.68115997,17.55129242,9.85574436,7.74663877,6.95852137,6.64564991,9.05705261,13980,16309,16058,14060,9629,0.0026573,-0.0452241,-0.10659572,-0.21882333,0.06699535,76,72,71,71,109,3.5,3.5,3.5,3.5,3.5,16.32418823,15.33559513,14.88939285,14.57105446,14.39804077,0.00121511,0.00069485,0.00075076,0.00109671,0.00275081,18.01391792,17.15999603,16.77898979,16.58748817,16.14476967,0.00147331,0.00105382,0.00093713,0.00104026,0.00196955,295341.59375,734111.25,1107242.375,1484492.75,1740939.375,330.45376587,469.70413208,765.44049072,1499.12805176,4409.75146484,62292.05078125,136773.375,194269.21875,231741.890625,348411.375,84.53136444,132.75708008,167.68434143,222.04345703,632.04675293,0.02863978,0.02869687,0.02863515,0.02872558,0.02863575,0.02028724,0.02238178,0.02346657,0.02315474,0.02506922,0.01780895,0.01935954,0.0200253,0.02120617,0.01933765,4.514e-05,3.022e-05,2.981e-05,3.358e-05,8.065e-05,7.43e-05,5.402e-05,4.847e-05,5.354e-05,9.774e-05,0.16809154991629496
31,587731185123066040,22:55:21.47,-00:56:52.0,37,1.0,0.0,0.0,0.0,0.0,0.0,0.0,1.0,0.0,0,1,0,343.83945833333325,-0.9477777777777778,343.83946594,-0.9477777,19.319313,17.189175,16.087717,15.622356,15.196816,2662,40,1,174,9.838019,105716958,DES2254-0041,4707,18829,4820431,77126897,1234030364,343.839454,-0.947734,343.83945416,-0.9477343,71.29670715,-51.78416061,880.20247289,1571.23338958,19.11847115,0.02520943,15.05031681,0.01973715,-70.05574036,21.43914032,3.5,0.07124,16.75385857,15.79892445,15.3930788,15.09088612,14.9152832,18.34490013,17.66420364,17.30417824,16.98026657,16.7028141,2,0,3,2,0,2,2,0,2,2,0,2,2,0,3,880.25975475,880.14880442,880.23961394,880.18587293,880.23509174,1571.37144318,1571.27347292,1571.22888937,1571.17509143,1571.21576174,60.87483425,47.64792546,45.21417334,45.44773994,54.87907093,56.26877854,43.73356754,41.69833628,42.21541675,51.89582287,2.00799832,1.43094326,1.38075978,1.25935611,1.49522805,0.00044354,0.00011988,0.0001042,0.00015193,0.00202605,0.00044087,0.00011866,0.00010425,0.00015285,0.00202312,1.42e-06,4.1e-07,3.2e-07,2.3e-07,1.38e-06,7.85030508,6.93651485,6.75955629,6.77351236,7.44979668,7.45092726,6.5777092,6.42035103,6.46395302,7.16068602,20.54250336,18.08574295,19.07395744,18.96333504,22.53456688,0.02107488,0.01095453,0.0102248,0.01236551,0.04501775,0.02098232,0.01088756,0.01019358,0.01232359,0.04497305,23.3748951,17.01896095,47.20388794,76.68854523,21.66666794,15.64510822,14.46452904,14.18315983,14.20015335,15.14914513,8.44569016,5.5563817,5.04688931,5.22425318,6.46659279,8544,10728,10541,9577,5086,0.01775284,0.02858552,0.02783268,0.13597827,0.11867671,60,91,77,91,116,3.5,3.5,3.5,3.5,3.5,16.98082924,15.95137787,15.5048542,15.17608929,14.98994255,0.00245386,0.00146763,0.00144588,0.00178556,0.0058616,18.5718708,17.81665802,17.41595459,17.06546974,16.77747345,0.00190925,0.00135662,0.00117262,0.00119347,0.00293086,161312.625,416340.8125,628142.4375,850284.875,1009306.6875,364.49246216,562.64587402,836.29888916,1398.00732422,5447.65673828,37260.7734375,74702.78125,108048.3125,149214.796875,194540.71875,65.52458954,93.3436203,116.69898987,164.02655029,525.16485596,0.02863363,0.02864341,0.02865995,0.02866768,0.02862753,0.01718323,0.01275749,0.01479332,0.01515977,0.01490941,0.0177629,0.01697051,0.01746783,0.01745875,0.01808576,8.738e-05,4.486e-05,4.028e-05,3.857e-05,0.00014492,0.00010328,6.508e-05,5.616e-05,5.732e-05,0.00014472,0.16308495076561347
32,587731186197070016,22:57:11.17,-00:08:16.0,31,1.0,0.0,0.0,0.0,0.0,0.0,0.0,1.0,0.0,0,1,0,344.29654166666666,-0.13777777777777778,344.29653802,-0.1377665,19.456678,17.400763,16.299685999999998,15.795238,15.354342,2662,40,3,178,8.242913,105521075,DES2256+0001,4710,18842,4823621,77177947,1234847159,344.296536,-0.137754,344.29653616,-0.13775364,72.73117828,-51.514328,4325.51762786,2886.75155251,18.07154274,0.02146877,12.73439407,0.01451609,-36.22616196,53.70478058,3.5,0.06116,17.08901024,16.12566948,15.7133131,15.41113091,15.24366093,18.76791573,17.96121407,17.63964272,17.33963394,16.94805527,3,0,6,3,0,3,3,0,5,3,0,4,3,0,4,4325.64254075,4325.54037193,4325.53269692,4325.50720812,4325.50767578,2886.79131383,2886.76361325,2886.77505237,2886.76636594,2886.79633848,56.19326864,43.35657142,37.6105508,36.35207301,42.68561836,61.86069357,48.12965071,42.13090959,40.85273807,47.85294339,6.19036595,5.14001072,4.37247256,4.12893647,4.04779095,0.00022797,7.805e-05,6.222e-05,0.00011485,0.00112707,0.00023131,8.005e-05,6.307e-05,0.0001159,0.00113142,3.37e-06,1.48e-06,8.3e-07,9.6e-07,3.58e-06,8.11388397,7.17008686,6.6927433,6.58063507,7.07611179,7.22626162,6.33056688,5.91173792,5.8223753,6.36138391,57.29824448,57.45286942,58.66747284,59.2955246,61.27482986,0.01527755,0.00899099,0.0079735,0.01079209,0.03366641,0.01502903,0.00878963,0.00785553,0.01069034,0.03354189,58.17123032,62.00564957,58.58863831,59.44383621,60.65406418,15.06897163,13.81620121,13.1298151,12.94850731,13.72220039,10.91550446,7.22607088,6.17169762,6.15138388,7.88496447,7972,9143,8900,7757,4927,0.03834925,-0.00588402,-0.12373875,-0.04902287,0.06615094,50,85,71,80,76,3.5,3.5,3.5,3.5,3.5,17.28386688,16.25655174,15.80927277,15.48427868,15.30775642,0.00175231,0.00120847,0.00119684,0.00170414,0.00488414,18.96277237,18.09209633,17.73560333,17.41278076,17.01215172,0.00171964,0.00135733,0.00092482,0.00098296,0.0029175,122026.3515625,314325.125,474559.71875,640160.1875,753177.625,196.89501953,349.77102661,522.99658203,1004.52996826,3387.31713867,25995.0859375,57964.44140625,80493.140625,108364.6875,156725.40625,41.1736412,72.46670532,68.56558228,98.10967255,421.15374756,0.02863175,0.02864419,0.02865772,0.02863517,0.0286244,0.02026347,0.01999151,0.0203952,0.02055246,0.02038872,0.02025758,0.01935523,0.01973757,0.0194283,0.01963955,6.967e-05,4.728e-05,4.185e-05,4.991e-05,0.0001324,9.073e-05,6.757e-05,4.65e-05,5.331e-05,0.0001524,0.04558378745621723
33,588015509263679636,23:08:09.23,+00:10:33.6,29,1.0,0.0,0.0,0.0,0.0,0.0,0.0,1.0,0.0,0,1,0,347.03845833333327,0.17600000000000002,347.03846542,0.17600837,17.967855,16.07571,15.144795000000002,14.711932,14.360864,3325,41,4,21,9.558648,113329714,DES2308+0001,4709,18838,4822646,77162351,1234597622,347.038453,0.176051,347.03845286,0.17605078,76.42223358,-53.10393524,5881.03695866,7182.18623633,19.63645935,0.0137895,17.45728111,0.01158505,47.86296082,-42.31118393,3.5,0.04552,15.9480114,15.07106113,14.69424152,14.38351822,14.2271328,17.59580803,16.92110825,16.58940887,16.42329216,16.07370758,2,0,2,2,0,2,2,0,2,2,0,1,2,0,4,5881.04870157,5881.13493669,5881.05973118,5881.08566877,5881.08519014,7182.10988333,7182.01666895,7182.01835672,7182.11719827,7182.10608099,52.35789857,48.58154603,46.39701887,43.7298918,52.56089224,52.34118196,48.71442338,46.36060236,43.97510193,53.18139206,-1.40891767,-1.35622747,-1.30097548,-1.24434316,-1.56394215,6.466e-05,2.164e-05,1.919e-05,3.114e-05,0.00031613,6.663e-05,1.973e-05,1.709e-05,3.135e-05,0.00031769,-4.1e-07,-2.4e-07,-1e-07,-1e-07,-6.8e-07,7.33201742,7.07148075,6.90506411,6.71586657,7.38007879,7.13726807,6.87678194,6.71399355,6.52703047,7.16077662,-44.83005142,-46.4022789,-44.59907532,-47.81359482,-50.61024094,0.00816781,0.00465562,0.00438147,0.00560231,0.01783097,0.00803624,0.00443888,0.0041334,0.00557669,0.01777301,-78.71231842,-7.14257622,-2.75133777,-68.78194427,-69.49121094,14.72182274,14.38440037,14.17022514,13.84414291,14.9514761,9.15784073,6.79883337,6.22783709,5.77312899,7.33233881,13647,16599,16286,13783,9336,0.06373315,0.0381702,-0.04299659,0.04676447,-0.18641508,100,117,99,88,65,3.5,3.5,3.5,3.5,3.5,16.09303856,15.1684742,14.76566219,14.43795967,14.27483749,0.00104731,0.00060233,0.0006255,0.00094466,0.00252331,17.74083519,17.01852036,16.66082954,16.47773361,16.12141228,0.00126318,0.00094012,0.00082008,0.00131159,0.00156943,365413.34375,856268.875,1240894.875,1678093.75,1950137.125,352.3934021,474.91537476,714.71789551,1459.70080566,4531.12109375,80106.1796875,155808.6875,216604.8125,256393.171875,355987.6875,93.20090485,134.91590881,163.61160278,309.7388916,514.59674072,0.02863588,0.02862796,0.02863298,0.02862887,0.02862891,0.01878173,0.01827201,0.01951807,0.02009809,0.0192691,0.01883604,0.01972115,0.01995174,0.02184314,0.02091184,4.306e-05,3.215e-05,2.898e-05,2.864e-05,6.963e-05,7.493e-05,5.056e-05,4.405e-05,7.365e-05,8.55e-05,0.15984858805728602
